Workbook

Sheet hu_per_vertebra
A1: token | B1: config | C1: vertebra | D1: mean_HU | E1: sd_HU | F1: voxel_count | G1: classification | H1: age | I1: sex
A2: 36 | B2: fused | C2: L1 | D2: 176 | E2: 138.97 | F2: 19792 | G2: normal | H2: =_xlfn.LET(_xlpm.v, IFERROR(VLOOKUP($A2, manifest!$A:$E, 3, FALSE), ""), IF(OR(_xlpm.v=0, _xlpm.v=""), "", _xlpm.v)) -> 69 | I2: =_xlfn.LET(_xlpm.v, IFERROR(VLOOKUP($A2, manifest!$A:$E, 5, FALSE), ""), IF(OR(_xlpm.v=0, _xlpm.v=""), "", _xlpm.v)) -> female
A3: 36 | B3: fused | C3: L2 | D3: 180.66 | E3: 154.2 | F3: 23409 | H3: =_xlfn.LET(_xlpm.v, IFERROR(VLOOKUP($A3, manifest!$A:$E, 3, FALSE), ""), IF(OR(_xlpm.v=0, _xlpm.v=""), "", _xlpm.v)) -> 69 | I3: =_xlfn.LET(_xlpm.v, IFERROR(VLOOKUP($A3, manifest!$A:$E, 5, FALSE), ""), IF(OR(_xlpm.v=0, _xlpm.v=""), "", _xlpm.v)) -> female
A4: 36 | B4: fused | C4: L3 | D4: 199.29 | E4: 121.2 | F4: 25716 | H4: =_xlfn.LET(_xlpm.v, IFERROR(VLOOKUP($A4, manifest!$A:$E, 3, FALSE), ""), IF(OR(_xlpm.v=0, _xlpm.v=""), "", _xlpm.v)) -> 69 | I4: =_xlfn.LET(_xlpm.v, IFERROR(VLOOKUP($A4, manifest!$A:$E, 5, FALSE), ""), IF(OR(_xlpm.v=0, _xlpm.v=""), "", _xlpm.v)) -> female
A5: 36 | B5: fused | C5: L4 | D5: 281.76 | E5: 200.65 | F5: 35461 | H5: =_xlfn.LET(_xlpm.v, IFERROR(VLOOKUP($A5, manifest!$A:$E, 3, FALSE), ""), IF(OR(_xlpm.v=0, _xlpm.v=""), "", _xlpm.v)) -> 69 | I5: =_xlfn.LET(_xlpm.v, IFERROR(VLOOKUP($A5, manifest!$A:$E, 5, FALSE), ""), IF(OR(_xlpm.v=0, _xlpm.v=""), "", _xlpm.v)) -> female
A6: 36 | B6: fused | C6: L5 | D6: 210.94 | E6: 156.82 | F6: 43094 | H6: =_xlfn.LET(_xlpm.v, IFERROR(VLOOKUP($A6, manifest!$A:$E, 3, FALSE), ""), IF(OR(_xlpm.v=0, _xlpm.v=""), "", _xlpm.v)) -> 69 | I6: =_xlfn.LET(_xlpm.v, IFERROR(VLOOKUP($A6, manifest!$A:$E, 5, FALSE), ""), IF(OR(_xlpm.v=0, _xlpm.v=""), "", _xlpm.v)) -> female
A7: 13 | B7: fused | C7: L1 | D7: 255.84 | E7: 109.77 | F7: 23607 | G7: normal | H7: =_xlfn.LET(_xlpm.v, IFERROR(VLOOKUP($A7, manifest!$A:$E, 3, FALSE), ""), IF(OR(_xlpm.v=0, _xlpm.v=""), "", _xlpm.v)) -> 52 | I7: =_xlfn.LET(_xlpm.v, IFERROR(VLOOKUP($A7, manifest!$A:$E, 5, FALSE), ""), IF(OR(_xlpm.v=0, _xlpm.v=""), "", _xlpm.v)) -> female
A8: 13 | B8: fused | C8: L2 | D8: 292.45 | E8: 179.65 | F8: 22938 | H8: =_xlfn.LET(_xlpm.v, IFERROR(VLOOKUP($A8, manifest!$A:$E, 3, FALSE), ""), IF(OR(_xlpm.v=0, _xlpm.v=""), "", _xlpm.v)) -> 52 | I8: =_xlfn.LET(_xlpm.v, IFERROR(VLOOKUP($A8, manifest!$A:$E, 5, FALSE), ""), IF(OR(_xlpm.v=0, _xlpm.v=""), "", _xlpm.v)) -> female
A9: 13 | B9: fused | C9: L3 | D9: 279.58 | E9: 185.05 | F9: 26413 | H9: =_xlfn.LET(_xlpm.v, IFERROR(VLOOKUP($A9, manifest!$A:$E, 3, FALSE), ""), IF(OR(_xlpm.v=0, _xlpm.v=""), "", _xlpm.v)) -> 52 | I9: =_xlfn.LET(_xlpm.v, IFERROR(VLOOKUP($A9, manifest!$A:$E, 5, FALSE), ""), IF(OR(_xlpm.v=0, _xlpm.v=""), "", _xlpm.v)) -> female
A10: 13 | B10: fused | C10: L4 | D10: 290.56 | E10: 222.85 | F10: 28974 | H10: =_xlfn.LET(_xlpm.v, IFERROR(VLOOKUP($A10, manifest!$A:$E, 3, FALSE), ""), IF(OR(_xlpm.v=0, _xlpm.v=""), "", _xlpm.v)) -> 52 | I10: =_xlfn.LET(_xlpm.v, IFERROR(VLOOKUP($A10, manifest!$A:$E, 5, FALSE), ""), IF(OR(_xlpm.v=0, _xlpm.v=""), "", _xlpm.v)) -> female
A11: 13 | B11: fused | C11: L5 | D11: 281.36 | E11: 180.2 | F11: 36225 | H11: =_xlfn.LET(_xlpm.v, IFERROR(VLOOKUP($A11, manifest!$A:$E, 3, FALSE), ""), IF(OR(_xlpm.v=0, _xlpm.v=""), "", _xlpm.v)) -> 52 | I11: =_xlfn.LET(_xlpm.v, IFERROR(VLOOKUP($A11, manifest!$A:$E, 5, FALSE), ""), IF(OR(_xlpm.v=0, _xlpm.v=""), "", _xlpm.v)) -> female
A12: 26 | B12: spine_only | C12: L1 | D12: 166.4 | E12: 122.52 | F12: 33167 | G12: normal | H12: =_xlfn.LET(_xlpm.v, IFERROR(VLOOKUP($A12, manifest!$A:$E, 3, FALSE), ""), IF(OR(_xlpm.v=0, _xlpm.v=""), "", _xlpm.v)) -> 51 | I12: =_xlfn.LET(_xlpm.v, IFERROR(VLOOKUP($A12, manifest!$A:$E, 5, FALSE), ""), IF(OR(_xlpm.v=0, _xlpm.v=""), "", _xlpm.v)) -> male
A13: 26 | B13: spine_only | C13: L2 | D13: 182.18 | E13: 169.4 | F13: 40649 | H13: =_xlfn.LET(_xlpm.v, IFERROR(VLOOKUP($A13, manifest!$A:$E, 3, FALSE), ""), IF(OR(_xlpm.v=0, _xlpm.v=""), "", _xlpm.v)) -> 51 | I13: =_xlfn.LET(_xlpm.v, IFERROR(VLOOKUP($A13, manifest!$A:$E, 5, FALSE), ""), IF(OR(_xlpm.v=0, _xlpm.v=""), "", _xlpm.v)) -> male
A14: 26 | B14: spine_only | C14: L3 | D14: 159.41 | E14: 129.15 | F14: 42960 | H14: =_xlfn.LET(_xlpm.v, IFERROR(VLOOKUP($A14, manifest!$A:$E, 3, FALSE), ""), IF(OR(_xlpm.v=0, _xlpm.v=""), "", _xlpm.v)) -> 51 | I14: =_xlfn.LET(_xlpm.v, IFERROR(VLOOKUP($A14, manifest!$A:$E, 5, FALSE), ""), IF(OR(_xlpm.v=0, _xlpm.v=""), "", _xlpm.v)) -> male
A15: 26 | B15: spine_only | C15: L4 | D15: 165.89 | E15: 133.76 | F15: 47657 | H15: =_xlfn.LET(_xlpm.v, IFERROR(VLOOKUP($A15, manifest!$A:$E, 3, FALSE), ""), IF(OR(_xlpm.v=0, _xlpm.v=""), "", _xlpm.v)) -> 51 | I15: =_xlfn.LET(_xlpm.v, IFERROR(VLOOKUP($A15, manifest!$A:$E, 5, FALSE), ""), IF(OR(_xlpm.v=0, _xlpm.v=""), "", _xlpm.v)) -> male
A16: 26 | B16: spine_only | C16: L5 | D16: 181.18 | E16: 139.37 | F16: 50902 | H16: =_xlfn.LET(_xlpm.v, IFERROR(VLOOKUP($A16, manifest!$A:$E, 3, FALSE), ""), IF(OR(_xlpm.v=0, _xlpm.v=""), "", _xlpm.v)) -> 51 | I16: =_xlfn.LET(_xlpm.v, IFERROR(VLOOKUP($A16, manifest!$A:$E, 5, FALSE), ""), IF(OR(_xlpm.v=0, _xlpm.v=""), "", _xlpm.v)) -> male
A17: 4 | B17: spine_only | C17: L1 | D17: 123.53 | E17: 80.98 | F17: 32412 | G17: osteopenia | H17: =_xlfn.LET(_xlpm.v, IFERROR(VLOOKUP($A17, manifest!$A:$E, 3, FALSE), ""), IF(OR(_xlpm.v=0, _xlpm.v=""), "", _xlpm.v)) -> 51 | I17: =_xlfn.LET(_xlpm.v, IFERROR(VLOOKUP($A17, manifest!$A:$E, 5, FALSE), ""), IF(OR(_xlpm.v=0, _xlpm.v=""), "", _xlpm.v)) -> male
A18: 4 | B18: spine_only | C18: L2 | D18: 134.12 | E18: 106.5 | F18: 29262 | H18: =_xlfn.LET(_xlpm.v, IFERROR(VLOOKUP($A18, manifest!$A:$E, 3, FALSE), ""), IF(OR(_xlpm.v=0, _xlpm.v=""), "", _xlpm.v)) -> 51 | I18: =_xlfn.LET(_xlpm.v, IFERROR(VLOOKUP($A18, manifest!$A:$E, 5, FALSE), ""), IF(OR(_xlpm.v=0, _xlpm.v=""), "", _xlpm.v)) -> male
A19: 4 | B19: spine_only | C19: L3 | D19: 131.88 | E19: 116.27 | F19: 33216 | H19: =_xlfn.LET(_xlpm.v, IFERROR(VLOOKUP($A19, manifest!$A:$E, 3, FALSE), ""), IF(OR(_xlpm.v=0, _xlpm.v=""), "", _xlpm.v)) -> 51 | I19: =_xlfn.LET(_xlpm.v, IFERROR(VLOOKUP($A19, manifest!$A:$E, 5, FALSE), ""), IF(OR(_xlpm.v=0, _xlpm.v=""), "", _xlpm.v)) -> male
A20: 4 | B20: spine_only | C20: L4 | D20: 129.85 | E20: 110.83 | F20: 38913 | H20: =_xlfn.LET(_xlpm.v, IFERROR(VLOOKUP($A20, manifest!$A:$E, 3, FALSE), ""), IF(OR(_xlpm.v=0, _xlpm.v=""), "", _xlpm.v)) -> 51 | I20: =_xlfn.LET(_xlpm.v, IFERROR(VLOOKUP($A20, manifest!$A:$E, 5, FALSE), ""), IF(OR(_xlpm.v=0, _xlpm.v=""), "", _xlpm.v)) -> male
A21: 4 | B21: spine_only | C21: L5 | D21: 123.25 | E21: 100.83 | F21: 45209 | H21: =_xlfn.LET(_xlpm.v, IFERROR(VLOOKUP($A21, manifest!$A:$E, 3, FALSE), ""), IF(OR(_xlpm.v=0, _xlpm.v=""), "", _xlpm.v)) -> 51 | I21: =_xlfn.LET(_xlpm.v, IFERROR(VLOOKUP($A21, manifest!$A:$E, 5, FALSE), ""), IF(OR(_xlpm.v=0, _xlpm.v=""), "", _xlpm.v)) -> male
A22: 4 | B22: spine_only | C22: L6 | D22: 146.7 | E22: 121.59 | F22: 54479 | H22: =_xlfn.LET(_xlpm.v, IFERROR(VLOOKUP($A22, manifest!$A:$E, 3, FALSE), ""), IF(OR(_xlpm.v=0, _xlpm.v=""), "", _xlpm.v)) -> 51 | I22: =_xlfn.LET(_xlpm.v, IFERROR(VLOOKUP($A22, manifest!$A:$E, 5, FALSE), ""), IF(OR(_xlpm.v=0, _xlpm.v=""), "", _xlpm.v)) -> male
A23: 42 | B23: spine_only | C23: L1 | D23: 211.15 | E23: 144.6 | F23: 44198 | G23: normal | H23: =_xlfn.LET(_xlpm.v, IFERROR(VLOOKUP($A23, manifest!$A:$E, 3, FALSE), ""), IF(OR(_xlpm.v=0, _xlpm.v=""), "", _xlpm.v)) -> 52 | I23: =_xlfn.LET(_xlpm.v, IFERROR(VLOOKUP($A23, manifest!$A:$E, 5, FALSE), ""), IF(OR(_xlpm.v=0, _xlpm.v=""), "", _xlpm.v)) -> female
A24: 42 | B24: spine_only | C24: L2 | D24: 238.39 | E24: 197.33 | F24: 48681 | H24: =_xlfn.LET(_xlpm.v, IFERROR(VLOOKUP($A24, manifest!$A:$E, 3, FALSE), ""), IF(OR(_xlpm.v=0, _xlpm.v=""), "", _xlpm.v)) -> 52 | I24: =_xlfn.LET(_xlpm.v, IFERROR(VLOOKUP($A24, manifest!$A:$E, 5, FALSE), ""), IF(OR(_xlpm.v=0, _xlpm.v=""), "", _xlpm.v)) -> female
A25: 42 | B25: spine_only | C25: L3 | D25: 233.74 | E25: 200.51 | F25: 59253 | H25: =_xlfn.LET(_xlpm.v, IFERROR(VLOOKUP($A25, manifest!$A:$E, 3, FALSE), ""), IF(OR(_xlpm.v=0, _xlpm.v=""), "", _xlpm.v)) -> 52 | I25: =_xlfn.LET(_xlpm.v, IFERROR(VLOOKUP($A25, manifest!$A:$E, 5, FALSE), ""), IF(OR(_xlpm.v=0, _xlpm.v=""), "", _xlpm.v)) -> female
A26: 42 | B26: spine_only | C26: L4 | D26: 203.08 | E26: 150.41 | F26: 61122 | H26: =_xlfn.LET(_xlpm.v, IFERROR(VLOOKUP($A26, manifest!$A:$E, 3, FALSE), ""), IF(OR(_xlpm.v=0, _xlpm.v=""), "", _xlpm.v)) -> 52 | I26: =_xlfn.LET(_xlpm.v, IFERROR(VLOOKUP($A26, manifest!$A:$E, 5, FALSE), ""), IF(OR(_xlpm.v=0, _xlpm.v=""), "", _xlpm.v)) -> female
A27: 42 | B27: spine_only | C27: L5 | D27: 188.12 | E27: 122.48 | F27: 81021 | H27: =_xlfn.LET(_xlpm.v, IFERROR(VLOOKUP($A27, manifest!$A:$E, 3, FALSE), ""), IF(OR(_xlpm.v=0, _xlpm.v=""), "", _xlpm.v)) -> 52 | I27: =_xlfn.LET(_xlpm.v, IFERROR(VLOOKUP($A27, manifest!$A:$E, 5, FALSE), ""), IF(OR(_xlpm.v=0, _xlpm.v=""), "", _xlpm.v)) -> female
A28: 33 | B28: fused | C28: L1 | D28: 260.27 | E28: 213.54 | F28: 26766 | G28: normal | H28: =_xlfn.LET(_xlpm.v, IFERROR(VLOOKUP($A28, manifest!$A:$E, 3, FALSE), ""), IF(OR(_xlpm.v=0, _xlpm.v=""), "", _xlpm.v)) -> 61 | I28: =_xlfn.LET(_xlpm.v, IFERROR(VLOOKUP($A28, manifest!$A:$E, 5, FALSE), ""), IF(OR(_xlpm.v=0, _xlpm.v=""), "", _xlpm.v)) -> female
A29: 33 | B29: fused | C29: L2 | D29: 232.34 | E29: 208.5 | F29: 33431 | H29: =_xlfn.LET(_xlpm.v, IFERROR(VLOOKUP($A29, manifest!$A:$E, 3, FALSE), ""), IF(OR(_xlpm.v=0, _xlpm.v=""), "", _xlpm.v)) -> 61 | I29: =_xlfn.LET(_xlpm.v, IFERROR(VLOOKUP($A29, manifest!$A:$E, 5, FALSE), ""), IF(OR(_xlpm.v=0, _xlpm.v=""), "", _xlpm.v)) -> female
A30: 33 | B30: fused | C30: L3 | D30: 207.76 | E30: 188.4 | F30: 49483 | H30: =_xlfn.LET(_xlpm.v, IFERROR(VLOOKUP($A30, manifest!$A:$E, 3, FALSE), ""), IF(OR(_xlpm.v=0, _xlpm.v=""), "", _xlpm.v)) -> 61 | I30: =_xlfn.LET(_xlpm.v, IFERROR(VLOOKUP($A30, manifest!$A:$E, 5, FALSE), ""), IF(OR(_xlpm.v=0, _xlpm.v=""), "", _xlpm.v)) -> female
A31: 33 | B31: fused | C31: L4 | D31: 246.59 | E31: 245.4 | F31: 55116 | H31: =_xlfn.LET(_xlpm.v, IFERROR(VLOOKUP($A31, manifest!$A:$E, 3, FALSE), ""), IF(OR(_xlpm.v=0, _xlpm.v=""), "", _xlpm.v)) -> 61 | I31: =_xlfn.LET(_xlpm.v, IFERROR(VLOOKUP($A31, manifest!$A:$E, 5, FALSE), ""), IF(OR(_xlpm.v=0, _xlpm.v=""), "", _xlpm.v)) -> female
A32: 33 | B32: fused | C32: L5 | D32: 229.94 | E32: 212.93 | F32: 61280 | H32: =_xlfn.LET(_xlpm.v, IFERROR(VLOOKUP($A32, manifest!$A:$E, 3, FALSE), ""), IF(OR(_xlpm.v=0, _xlpm.v=""), "", _xlpm.v)) -> 61 | I32: =_xlfn.LET(_xlpm.v, IFERROR(VLOOKUP($A32, manifest!$A:$E, 5, FALSE), ""), IF(OR(_xlpm.v=0, _xlpm.v=""), "", _xlpm.v)) -> female
A33: 6 | B33: spine_only | C33: L1 | D33: 199.86 | E33: 194.47 | F33: 37076 | G33: normal | H33: =_xlfn.LET(_xlpm.v, IFERROR(VLOOKUP($A33, manifest!$A:$E, 3, FALSE), ""), IF(OR(_xlpm.v=0, _xlpm.v=""), "", _xlpm.v)) -> 50 | I33: =_xlfn.LET(_xlpm.v, IFERROR(VLOOKUP($A33, manifest!$A:$E, 5, FALSE), ""), IF(OR(_xlpm.v=0, _xlpm.v=""), "", _xlpm.v)) -> male
A34: 6 | B34: spine_only | C34: L2 | D34: 213.18 | E34: 211.43 | F34: 41718 | H34: =_xlfn.LET(_xlpm.v, IFERROR(VLOOKUP($A34, manifest!$A:$E, 3, FALSE), ""), IF(OR(_xlpm.v=0, _xlpm.v=""), "", _xlpm.v)) -> 50 | I34: =_xlfn.LET(_xlpm.v, IFERROR(VLOOKUP($A34, manifest!$A:$E, 5, FALSE), ""), IF(OR(_xlpm.v=0, _xlpm.v=""), "", _xlpm.v)) -> male
A35: 6 | B35: spine_only | C35: L3 | D35: 188.44 | E35: 178.87 | F35: 47744 | H35: =_xlfn.LET(_xlpm.v, IFERROR(VLOOKUP($A35, manifest!$A:$E, 3, FALSE), ""), IF(OR(_xlpm.v=0, _xlpm.v=""), "", _xlpm.v)) -> 50 | I35: =_xlfn.LET(_xlpm.v, IFERROR(VLOOKUP($A35, manifest!$A:$E, 5, FALSE), ""), IF(OR(_xlpm.v=0, _xlpm.v=""), "", _xlpm.v)) -> male
A36: 6 | B36: spine_only | C36: L4 | D36: 196.87 | E36: 191.05 | F36: 51947 | H36: =_xlfn.LET(_xlpm.v, IFERROR(VLOOKUP($A36, manifest!$A:$E, 3, FALSE), ""), IF(OR(_xlpm.v=0, _xlpm.v=""), "", _xlpm.v)) -> 50 | I36: =_xlfn.LET(_xlpm.v, IFERROR(VLOOKUP($A36, manifest!$A:$E, 5, FALSE), ""), IF(OR(_xlpm.v=0, _xlpm.v=""), "", _xlpm.v)) -> male
A37: 6 | B37: spine_only | C37: L5 | D37: 193.29 | E37: 185.46 | F37: 61986 | H37: =_xlfn.LET(_xlpm.v, IFERROR(VLOOKUP($A37, manifest!$A:$E, 3, FALSE), ""), IF(OR(_xlpm.v=0, _xlpm.v=""), "", _xlpm.v)) -> 50 | I37: =_xlfn.LET(_xlpm.v, IFERROR(VLOOKUP($A37, manifest!$A:$E, 5, FALSE), ""), IF(OR(_xlpm.v=0, _xlpm.v=""), "", _xlpm.v)) -> male
A38: 54 | B38: spine_only | C38: L1 | D38: 199.32 | E38: 113.55 | F38: 21802 | G38: normal | H38: =_xlfn.LET(_xlpm.v, IFERROR(VLOOKUP($A38, manifest!$A:$E, 3, FALSE), ""), IF(OR(_xlpm.v=0, _xlpm.v=""), "", _xlpm.v)) | I38: =_xlfn.LET(_xlpm.v, IFERROR(VLOOKUP($A38, manifest!$A:$E, 5, FALSE), ""), IF(OR(_xlpm.v=0, _xlpm.v=""), "", _xlpm.v)) -> male
A39: 54 | B39: spine_only | C39: L2 | D39: 203.6 | E39: 124.65 | F39: 21954 | H39: =_xlfn.LET(_xlpm.v, IFERROR(VLOOKUP($A39, manifest!$A:$E, 3, FALSE), ""), IF(OR(_xlpm.v=0, _xlpm.v=""), "", _xlpm.v)) | I39: =_xlfn.LET(_xlpm.v, IFERROR(VLOOKUP($A39, manifest!$A:$E, 5, FALSE), ""), IF(OR(_xlpm.v=0, _xlpm.v=""), "", _xlpm.v)) -> male
A40: 54 | B40: spine_only | C40: L3 | D40: 205.05 | E40: 125.2 | F40: 25335 | H40: =_xlfn.LET(_xlpm.v, IFERROR(VLOOKUP($A40, manifest!$A:$E, 3, FALSE), ""), IF(OR(_xlpm.v=0, _xlpm.v=""), "", _xlpm.v)) | I40: =_xlfn.LET(_xlpm.v, IFERROR(VLOOKUP($A40, manifest!$A:$E, 5, FALSE), ""), IF(OR(_xlpm.v=0, _xlpm.v=""), "", _xlpm.v)) -> male
A41: 54 | B41: spine_only | C41: L4 | D41: 217.52 | E41: 124.51 | F41: 32994 | H41: =_xlfn.LET(_xlpm.v, IFERROR(VLOOKUP($A41, manifest!$A:$E, 3, FALSE), ""), IF(OR(_xlpm.v=0, _xlpm.v=""), "", _xlpm.v)) | I41: =_xlfn.LET(_xlpm.v, IFERROR(VLOOKUP($A41, manifest!$A:$E, 5, FALSE), ""), IF(OR(_xlpm.v=0, _xlpm.v=""), "", _xlpm.v)) -> male
A42: 54 | B42: spine_only | C42: L5 | D42: 203.22 | E42: 109.35 | F42: 38807 | H42: =_xlfn.LET(_xlpm.v, IFERROR(VLOOKUP($A42, manifest!$A:$E, 3, FALSE), ""), IF(OR(_xlpm.v=0, _xlpm.v=""), "", _xlpm.v)) | I42: =_xlfn.LET(_xlpm.v, IFERROR(VLOOKUP($A42, manifest!$A:$E, 5, FALSE), ""), IF(OR(_xlpm.v=0, _xlpm.v=""), "", _xlpm.v)) -> male
A43: 15 | B43: spine_only | C43: L1 | D43: 120.63 | E43: 75.82 | F43: 32999 | G43: osteopenia | H43: =_xlfn.LET(_xlpm.v, IFERROR(VLOOKUP($A43, manifest!$A:$E, 3, FALSE), ""), IF(OR(_xlpm.v=0, _xlpm.v=""), "", _xlpm.v)) -> 89 | I43: =_xlfn.LET(_xlpm.v, IFERROR(VLOOKUP($A43, manifest!$A:$E, 5, FALSE), ""), IF(OR(_xlpm.v=0, _xlpm.v=""), "", _xlpm.v)) -> other
A44: 15 | B44: spine_only | C44: L2 | D44: 134.41 | E44: 108.95 | F44: 32931 | H44: =_xlfn.LET(_xlpm.v, IFERROR(VLOOKUP($A44, manifest!$A:$E, 3, FALSE), ""), IF(OR(_xlpm.v=0, _xlpm.v=""), "", _xlpm.v)) -> 89 | I44: =_xlfn.LET(_xlpm.v, IFERROR(VLOOKUP($A44, manifest!$A:$E, 5, FALSE), ""), IF(OR(_xlpm.v=0, _xlpm.v=""), "", _xlpm.v)) -> other
A45: 15 | B45: spine_only | C45: L3 | D45: 142.32 | E45: 135.97 | F45: 41987 | H45: =_xlfn.LET(_xlpm.v, IFERROR(VLOOKUP($A45, manifest!$A:$E, 3, FALSE), ""), IF(OR(_xlpm.v=0, _xlpm.v=""), "", _xlpm.v)) -> 89 | I45: =_xlfn.LET(_xlpm.v, IFERROR(VLOOKUP($A45, manifest!$A:$E, 5, FALSE), ""), IF(OR(_xlpm.v=0, _xlpm.v=""), "", _xlpm.v)) -> other
A46: 15 | B46: spine_only | C46: L4 | D46: 163.71 | E46: 179.1 | F46: 45957 | H46: =_xlfn.LET(_xlpm.v, IFERROR(VLOOKUP($A46, manifest!$A:$E, 3, FALSE), ""), IF(OR(_xlpm.v=0, _xlpm.v=""), "", _xlpm.v)) -> 89 | I46: =_xlfn.LET(_xlpm.v, IFERROR(VLOOKUP($A46, manifest!$A:$E, 5, FALSE), ""), IF(OR(_xlpm.v=0, _xlpm.v=""), "", _xlpm.v)) -> other
A47: 15 | B47: spine_only | C47: L5 | D47: 147.61 | E47: 138.91 | F47: 49428 | H47: =_xlfn.LET(_xlpm.v, IFERROR(VLOOKUP($A47, manifest!$A:$E, 3, FALSE), ""), IF(OR(_xlpm.v=0, _xlpm.v=""), "", _xlpm.v)) -> 89 | I47: =_xlfn.LET(_xlpm.v, IFERROR(VLOOKUP($A47, manifest!$A:$E, 5, FALSE), ""), IF(OR(_xlpm.v=0, _xlpm.v=""), "", _xlpm.v)) -> other
A48: 5 | B48: fused | C48: L1 | D48: 210.78 | E48: 162.35 | F48: 51857 | G48: normal | H48: =_xlfn.LET(_xlpm.v, IFERROR(VLOOKUP($A48, manifest!$A:$E, 3, FALSE), ""), IF(OR(_xlpm.v=0, _xlpm.v=""), "", _xlpm.v)) -> 61 | I48: =_xlfn.LET(_xlpm.v, IFERROR(VLOOKUP($A48, manifest!$A:$E, 5, FALSE), ""), IF(OR(_xlpm.v=0, _xlpm.v=""), "", _xlpm.v)) -> male
A49: 5 | B49: fused | C49: L2 | D49: 194.88 | E49: 151.58 | F49: 51950 | H49: =_xlfn.LET(_xlpm.v, IFERROR(VLOOKUP($A49, manifest!$A:$E, 3, FALSE), ""), IF(OR(_xlpm.v=0, _xlpm.v=""), "", _xlpm.v)) -> 61 | I49: =_xlfn.LET(_xlpm.v, IFERROR(VLOOKUP($A49, manifest!$A:$E, 5, FALSE), ""), IF(OR(_xlpm.v=0, _xlpm.v=""), "", _xlpm.v)) -> male
A50: 5 | B50: fused | C50: L3 | D50: 186.9 | E50: 135.05 | F50: 44700 | H50: =_xlfn.LET(_xlpm.v, IFERROR(VLOOKUP($A50, manifest!$A:$E, 3, FALSE), ""), IF(OR(_xlpm.v=0, _xlpm.v=""), "", _xlpm.v)) -> 61 | I50: =_xlfn.LET(_xlpm.v, IFERROR(VLOOKUP($A50, manifest!$A:$E, 5, FALSE), ""), IF(OR(_xlpm.v=0, _xlpm.v=""), "", _xlpm.v)) -> male
A51: 5 | B51: fused | C51: L4 | D51: 181.88 | E51: 122.19 | F51: 48627 | H51: =_xlfn.LET(_xlpm.v, IFERROR(VLOOKUP($A51, manifest!$A:$E, 3, FALSE), ""), IF(OR(_xlpm.v=0, _xlpm.v=""), "", _xlpm.v)) -> 61 | I51: =_xlfn.LET(_xlpm.v, IFERROR(VLOOKUP($A51, manifest!$A:$E, 5, FALSE), ""), IF(OR(_xlpm.v=0, _xlpm.v=""), "", _xlpm.v)) -> male
A52: 5 | B52: fused | C52: L5 | D52: 218.64 | E52: 134.29 | F52: 50914 | H52: =_xlfn.LET(_xlpm.v, IFERROR(VLOOKUP($A52, manifest!$A:$E, 3, FALSE), ""), IF(OR(_xlpm.v=0, _xlpm.v=""), "", _xlpm.v)) -> 61 | I52: =_xlfn.LET(_xlpm.v, IFERROR(VLOOKUP($A52, manifest!$A:$E, 5, FALSE), ""), IF(OR(_xlpm.v=0, _xlpm.v=""), "", _xlpm.v)) -> male
A53: 43 | B53: fused | C53: L1 | D53: 250.46 | E53: 243.87 | F53: 24776 | G53: normal | H53: =_xlfn.LET(_xlpm.v, IFERROR(VLOOKUP($A53, manifest!$A:$E, 3, FALSE), ""), IF(OR(_xlpm.v=0, _xlpm.v=""), "", _xlpm.v)) -> 55 | I53: =_xlfn.LET(_xlpm.v, IFERROR(VLOOKUP($A53, manifest!$A:$E, 5, FALSE), ""), IF(OR(_xlpm.v=0, _xlpm.v=""), "", _xlpm.v)) -> female
A54: 43 | B54: fused | C54: L2 | D54: 266.72 | E54: 286.02 | F54: 27362 | H54: =_xlfn.LET(_xlpm.v, IFERROR(VLOOKUP($A54, manifest!$A:$E, 3, FALSE), ""), IF(OR(_xlpm.v=0, _xlpm.v=""), "", _xlpm.v)) -> 55 | I54: =_xlfn.LET(_xlpm.v, IFERROR(VLOOKUP($A54, manifest!$A:$E, 5, FALSE), ""), IF(OR(_xlpm.v=0, _xlpm.v=""), "", _xlpm.v)) -> female
A55: 43 | B55: fused | C55: L3 | D55: 245.15 | E55: 255.58 | F55: 34711 | H55: =_xlfn.LET(_xlpm.v, IFERROR(VLOOKUP($A55, manifest!$A:$E, 3, FALSE), ""), IF(OR(_xlpm.v=0, _xlpm.v=""), "", _xlpm.v)) -> 55 | I55: =_xlfn.LET(_xlpm.v, IFERROR(VLOOKUP($A55, manifest!$A:$E, 5, FALSE), ""), IF(OR(_xlpm.v=0, _xlpm.v=""), "", _xlpm.v)) -> female
A56: 43 | B56: fused | C56: L4 | D56: 214.63 | E56: 201.2 | F56: 40916 | H56: =_xlfn.LET(_xlpm.v, IFERROR(VLOOKUP($A56, manifest!$A:$E, 3, FALSE), ""), IF(OR(_xlpm.v=0, _xlpm.v=""), "", _xlpm.v)) -> 55 | I56: =_xlfn.LET(_xlpm.v, IFERROR(VLOOKUP($A56, manifest!$A:$E, 5, FALSE), ""), IF(OR(_xlpm.v=0, _xlpm.v=""), "", _xlpm.v)) -> female
A57: 43 | B57: fused | C57: L5 | D57: 205.66 | E57: 174.44 | F57: 44673 | H57: =_xlfn.LET(_xlpm.v, IFERROR(VLOOKUP($A57, manifest!$A:$E, 3, FALSE), ""), IF(OR(_xlpm.v=0, _xlpm.v=""), "", _xlpm.v)) -> 55 | I57: =_xlfn.LET(_xlpm.v, IFERROR(VLOOKUP($A57, manifest!$A:$E, 5, FALSE), ""), IF(OR(_xlpm.v=0, _xlpm.v=""), "", _xlpm.v)) -> female
A58: 28 | B58: fused | C58: L1 | D58: 240.75 | E58: 135.58 | F58: 31169 | G58: normal | H58: =_xlfn.LET(_xlpm.v, IFERROR(VLOOKUP($A58, manifest!$A:$E, 3, FALSE), ""), IF(OR(_xlpm.v=0, _xlpm.v=""), "", _xlpm.v)) -> 77 | I58: =_xlfn.LET(_xlpm.v, IFERROR(VLOOKUP($A58, manifest!$A:$E, 5, FALSE), ""), IF(OR(_xlpm.v=0, _xlpm.v=""), "", _xlpm.v)) -> male
A59: 28 | B59: fused | C59: L2 | D59: 202.33 | E59: 194.12 | F59: 32849 | H59: =_xlfn.LET(_xlpm.v, IFERROR(VLOOKUP($A59, manifest!$A:$E, 3, FALSE), ""), IF(OR(_xlpm.v=0, _xlpm.v=""), "", _xlpm.v)) -> 77 | I59: =_xlfn.LET(_xlpm.v, IFERROR(VLOOKUP($A59, manifest!$A:$E, 5, FALSE), ""), IF(OR(_xlpm.v=0, _xlpm.v=""), "", _xlpm.v)) -> male
A60: 28 | B60: fused | C60: L3 | D60: 196.3 | E60: 192.97 | F60: 42780 | H60: =_xlfn.LET(_xlpm.v, IFERROR(VLOOKUP($A60, manifest!$A:$E, 3, FALSE), ""), IF(OR(_xlpm.v=0, _xlpm.v=""), "", _xlpm.v)) -> 77 | I60: =_xlfn.LET(_xlpm.v, IFERROR(VLOOKUP($A60, manifest!$A:$E, 5, FALSE), ""), IF(OR(_xlpm.v=0, _xlpm.v=""), "", _xlpm.v)) -> male
A61: 28 | B61: fused | C61: L4 | D61: 238.09 | E61: 236.98 | F61: 46110 | H61: =_xlfn.LET(_xlpm.v, IFERROR(VLOOKUP($A61, manifest!$A:$E, 3, FALSE), ""), IF(OR(_xlpm.v=0, _xlpm.v=""), "", _xlpm.v)) -> 77 | I61: =_xlfn.LET(_xlpm.v, IFERROR(VLOOKUP($A61, manifest!$A:$E, 5, FALSE), ""), IF(OR(_xlpm.v=0, _xlpm.v=""), "", _xlpm.v)) -> male
A62: 28 | B62: fused | C62: L5 | D62: 275.4 | E62: 200.94 | F62: 50534 | H62: =_xlfn.LET(_xlpm.v, IFERROR(VLOOKUP($A62, manifest!$A:$E, 3, FALSE), ""), IF(OR(_xlpm.v=0, _xlpm.v=""), "", _xlpm.v)) -> 77 | I62: =_xlfn.LET(_xlpm.v, IFERROR(VLOOKUP($A62, manifest!$A:$E, 5, FALSE), ""), IF(OR(_xlpm.v=0, _xlpm.v=""), "", _xlpm.v)) -> male
A63: 12 | B63: spine_only | C63: L1 | D63: 173.96 | E63: 120.48 | F63: 21752 | G63: normal | H63: =_xlfn.LET(_xlpm.v, IFERROR(VLOOKUP($A63, manifest!$A:$E, 3, FALSE), ""), IF(OR(_xlpm.v=0, _xlpm.v=""), "", _xlpm.v)) -> 70 | I63: =_xlfn.LET(_xlpm.v, IFERROR(VLOOKUP($A63, manifest!$A:$E, 5, FALSE), ""), IF(OR(_xlpm.v=0, _xlpm.v=""), "", _xlpm.v)) -> female
A64: 12 | B64: spine_only | C64: L2 | D64: 174.55 | E64: 139.32 | F64: 23454 | H64: =_xlfn.LET(_xlpm.v, IFERROR(VLOOKUP($A64, manifest!$A:$E, 3, FALSE), ""), IF(OR(_xlpm.v=0, _xlpm.v=""), "", _xlpm.v)) -> 70 | I64: =_xlfn.LET(_xlpm.v, IFERROR(VLOOKUP($A64, manifest!$A:$E, 5, FALSE), ""), IF(OR(_xlpm.v=0, _xlpm.v=""), "", _xlpm.v)) -> female
A65: 12 | B65: spine_only | C65: L3 | D65: 147.57 | E65: 136.94 | F65: 27076 | H65: =_xlfn.LET(_xlpm.v, IFERROR(VLOOKUP($A65, manifest!$A:$E, 3, FALSE), ""), IF(OR(_xlpm.v=0, _xlpm.v=""), "", _xlpm.v)) -> 70 | I65: =_xlfn.LET(_xlpm.v, IFERROR(VLOOKUP($A65, manifest!$A:$E, 5, FALSE), ""), IF(OR(_xlpm.v=0, _xlpm.v=""), "", _xlpm.v)) -> female
A66: 12 | B66: spine_only | C66: L4 | D66: 159.61 | E66: 174.11 | F66: 39668 | H66: =_xlfn.LET(_xlpm.v, IFERROR(VLOOKUP($A66, manifest!$A:$E, 3, FALSE), ""), IF(OR(_xlpm.v=0, _xlpm.v=""), "", _xlpm.v)) -> 70 | I66: =_xlfn.LET(_xlpm.v, IFERROR(VLOOKUP($A66, manifest!$A:$E, 5, FALSE), ""), IF(OR(_xlpm.v=0, _xlpm.v=""), "", _xlpm.v)) -> female
A67: 12 | B67: spine_only | C67: L5 | D67: 206.01 | E67: 189.82 | F67: 55275 | H67: =_xlfn.LET(_xlpm.v, IFERROR(VLOOKUP($A67, manifest!$A:$E, 3, FALSE), ""), IF(OR(_xlpm.v=0, _xlpm.v=""), "", _xlpm.v)) -> 70 | I67: =_xlfn.LET(_xlpm.v, IFERROR(VLOOKUP($A67, manifest!$A:$E, 5, FALSE), ""), IF(OR(_xlpm.v=0, _xlpm.v=""), "", _xlpm.v)) -> female
A68: 38 | B68: fused | C68: L1 | D68: 174.97 | E68: 176.02 | F68: 29489 | G68: normal | H68: =_xlfn.LET(_xlpm.v, IFERROR(VLOOKUP($A68, manifest!$A:$E, 3, FALSE), ""), IF(OR(_xlpm.v=0, _xlpm.v=""), "", _xlpm.v)) -> 60 | I68: =_xlfn.LET(_xlpm.v, IFERROR(VLOOKUP($A68, manifest!$A:$E, 5, FALSE), ""), IF(OR(_xlpm.v=0, _xlpm.v=""), "", _xlpm.v)) -> female
A69: 38 | B69: fused | C69: L2 | D69: 203.46 | E69: 229.23 | F69: 33979 | H69: =_xlfn.LET(_xlpm.v, IFERROR(VLOOKUP($A69, manifest!$A:$E, 3, FALSE), ""), IF(OR(_xlpm.v=0, _xlpm.v=""), "", _xlpm.v)) -> 60 | I69: =_xlfn.LET(_xlpm.v, IFERROR(VLOOKUP($A69, manifest!$A:$E, 5, FALSE), ""), IF(OR(_xlpm.v=0, _xlpm.v=""), "", _xlpm.v)) -> female
A70: 38 | B70: fused | C70: L3 | D70: 195.87 | E70: 233.43 | F70: 39690 | H70: =_xlfn.LET(_xlpm.v, IFERROR(VLOOKUP($A70, manifest!$A:$E, 3, FALSE), ""), IF(OR(_xlpm.v=0, _xlpm.v=""), "", _xlpm.v)) -> 60 | I70: =_xlfn.LET(_xlpm.v, IFERROR(VLOOKUP($A70, manifest!$A:$E, 5, FALSE), ""), IF(OR(_xlpm.v=0, _xlpm.v=""), "", _xlpm.v)) -> female
A71: 38 | B71: fused | C71: L4 | D71: 234.32 | E71: 213.65 | F71: 43318 | H71: =_xlfn.LET(_xlpm.v, IFERROR(VLOOKUP($A71, manifest!$A:$E, 3, FALSE), ""), IF(OR(_xlpm.v=0, _xlpm.v=""), "", _xlpm.v)) -> 60 | I71: =_xlfn.LET(_xlpm.v, IFERROR(VLOOKUP($A71, manifest!$A:$E, 5, FALSE), ""), IF(OR(_xlpm.v=0, _xlpm.v=""), "", _xlpm.v)) -> female
A72: 38 | B72: fused | C72: L5 | D72: 253.66 | E72: 221.21 | F72: 58546 | H72: =_xlfn.LET(_xlpm.v, IFERROR(VLOOKUP($A72, manifest!$A:$E, 3, FALSE), ""), IF(OR(_xlpm.v=0, _xlpm.v=""), "", _xlpm.v)) -> 60 | I72: =_xlfn.LET(_xlpm.v, IFERROR(VLOOKUP($A72, manifest!$A:$E, 5, FALSE), ""), IF(OR(_xlpm.v=0, _xlpm.v=""), "", _xlpm.v)) -> female
A73: 11 | B73: spine_only | C73: L1 | D73: 293.94 | E73: 152.24 | F73: 18843 | G73: normal | H73: =_xlfn.LET(_xlpm.v, IFERROR(VLOOKUP($A73, manifest!$A:$E, 3, FALSE), ""), IF(OR(_xlpm.v=0, _xlpm.v=""), "", _xlpm.v)) -> 56 | I73: =_xlfn.LET(_xlpm.v, IFERROR(VLOOKUP($A73, manifest!$A:$E, 5, FALSE), ""), IF(OR(_xlpm.v=0, _xlpm.v=""), "", _xlpm.v)) -> male
A74: 11 | B74: spine_only | C74: L2 | D74: 310.55 | E74: 179.09 | F74: 22059 | H74: =_xlfn.LET(_xlpm.v, IFERROR(VLOOKUP($A74, manifest!$A:$E, 3, FALSE), ""), IF(OR(_xlpm.v=0, _xlpm.v=""), "", _xlpm.v)) -> 56 | I74: =_xlfn.LET(_xlpm.v, IFERROR(VLOOKUP($A74, manifest!$A:$E, 5, FALSE), ""), IF(OR(_xlpm.v=0, _xlpm.v=""), "", _xlpm.v)) -> male
A75: 11 | B75: spine_only | C75: L3 | D75: 306.1 | E75: 166.9 | F75: 25661 | H75: =_xlfn.LET(_xlpm.v, IFERROR(VLOOKUP($A75, manifest!$A:$E, 3, FALSE), ""), IF(OR(_xlpm.v=0, _xlpm.v=""), "", _xlpm.v)) -> 56 | I75: =_xlfn.LET(_xlpm.v, IFERROR(VLOOKUP($A75, manifest!$A:$E, 5, FALSE), ""), IF(OR(_xlpm.v=0, _xlpm.v=""), "", _xlpm.v)) -> male
A76: 11 | B76: spine_only | C76: L4 | D76: 319.65 | E76: 180.48 | F76: 28965 | H76: =_xlfn.LET(_xlpm.v, IFERROR(VLOOKUP($A76, manifest!$A:$E, 3, FALSE), ""), IF(OR(_xlpm.v=0, _xlpm.v=""), "", _xlpm.v)) -> 56 | I76: =_xlfn.LET(_xlpm.v, IFERROR(VLOOKUP($A76, manifest!$A:$E, 5, FALSE), ""), IF(OR(_xlpm.v=0, _xlpm.v=""), "", _xlpm.v)) -> male
A77: 11 | B77: spine_only | C77: L5 | D77: 306.32 | E77: 153.75 | F77: 35019 | H77: =_xlfn.LET(_xlpm.v, IFERROR(VLOOKUP($A77, manifest!$A:$E, 3, FALSE), ""), IF(OR(_xlpm.v=0, _xlpm.v=""), "", _xlpm.v)) -> 56 | I77: =_xlfn.LET(_xlpm.v, IFERROR(VLOOKUP($A77, manifest!$A:$E, 5, FALSE), ""), IF(OR(_xlpm.v=0, _xlpm.v=""), "", _xlpm.v)) -> male
A78: 32 | B78: fused | C78: L1 | D78: 276.3 | E78: 203.13 | F78: 19032 | G78: normal | H78: =_xlfn.LET(_xlpm.v, IFERROR(VLOOKUP($A78, manifest!$A:$E, 3, FALSE), ""), IF(OR(_xlpm.v=0, _xlpm.v=""), "", _xlpm.v)) -> 59 | I78: =_xlfn.LET(_xlpm.v, IFERROR(VLOOKUP($A78, manifest!$A:$E, 5, FALSE), ""), IF(OR(_xlpm.v=0, _xlpm.v=""), "", _xlpm.v)) -> female
A79: 32 | B79: fused | C79: L2 | D79: 291.48 | E79: 240.26 | F79: 24672 | H79: =_xlfn.LET(_xlpm.v, IFERROR(VLOOKUP($A79, manifest!$A:$E, 3, FALSE), ""), IF(OR(_xlpm.v=0, _xlpm.v=""), "", _xlpm.v)) -> 59 | I79: =_xlfn.LET(_xlpm.v, IFERROR(VLOOKUP($A79, manifest!$A:$E, 5, FALSE), ""), IF(OR(_xlpm.v=0, _xlpm.v=""), "", _xlpm.v)) -> female
A80: 32 | B80: fused | C80: L3 | D80: 269.61 | E80: 200.42 | F80: 31378 | H80: =_xlfn.LET(_xlpm.v, IFERROR(VLOOKUP($A80, manifest!$A:$E, 3, FALSE), ""), IF(OR(_xlpm.v=0, _xlpm.v=""), "", _xlpm.v)) -> 59 | I80: =_xlfn.LET(_xlpm.v, IFERROR(VLOOKUP($A80, manifest!$A:$E, 5, FALSE), ""), IF(OR(_xlpm.v=0, _xlpm.v=""), "", _xlpm.v)) -> female
A81: 32 | B81: fused | C81: L4 | D81: 249.38 | E81: 184.04 | F81: 37700 | H81: =_xlfn.LET(_xlpm.v, IFERROR(VLOOKUP($A81, manifest!$A:$E, 3, FALSE), ""), IF(OR(_xlpm.v=0, _xlpm.v=""), "", _xlpm.v)) -> 59 | I81: =_xlfn.LET(_xlpm.v, IFERROR(VLOOKUP($A81, manifest!$A:$E, 5, FALSE), ""), IF(OR(_xlpm.v=0, _xlpm.v=""), "", _xlpm.v)) -> female
A82: 32 | B82: fused | C82: L5 | D82: 272.66 | E82: 208.44 | F82: 38464 | H82: =_xlfn.LET(_xlpm.v, IFERROR(VLOOKUP($A82, manifest!$A:$E, 3, FALSE), ""), IF(OR(_xlpm.v=0, _xlpm.v=""), "", _xlpm.v)) -> 59 | I82: =_xlfn.LET(_xlpm.v, IFERROR(VLOOKUP($A82, manifest!$A:$E, 5, FALSE), ""), IF(OR(_xlpm.v=0, _xlpm.v=""), "", _xlpm.v)) -> female
A83: 16 | B83: spine_only | C83: L1 | D83: 208.02 | E83: 166.68 | F83: 30370 | G83: normal | H83: =_xlfn.LET(_xlpm.v, IFERROR(VLOOKUP($A83, manifest!$A:$E, 3, FALSE), ""), IF(OR(_xlpm.v=0, _xlpm.v=""), "", _xlpm.v)) -> 52 | I83: =_xlfn.LET(_xlpm.v, IFERROR(VLOOKUP($A83, manifest!$A:$E, 5, FALSE), ""), IF(OR(_xlpm.v=0, _xlpm.v=""), "", _xlpm.v)) -> female
A84: 16 | B84: spine_only | C84: L2 | D84: 209.04 | E84: 179.21 | F84: 35518 | H84: =_xlfn.LET(_xlpm.v, IFERROR(VLOOKUP($A84, manifest!$A:$E, 3, FALSE), ""), IF(OR(_xlpm.v=0, _xlpm.v=""), "", _xlpm.v)) -> 52 | I84: =_xlfn.LET(_xlpm.v, IFERROR(VLOOKUP($A84, manifest!$A:$E, 5, FALSE), ""), IF(OR(_xlpm.v=0, _xlpm.v=""), "", _xlpm.v)) -> female
A85: 16 | B85: spine_only | C85: L3 | D85: 210.61 | E85: 203.38 | F85: 46010 | H85: =_xlfn.LET(_xlpm.v, IFERROR(VLOOKUP($A85, manifest!$A:$E, 3, FALSE), ""), IF(OR(_xlpm.v=0, _xlpm.v=""), "", _xlpm.v)) -> 52 | I85: =_xlfn.LET(_xlpm.v, IFERROR(VLOOKUP($A85, manifest!$A:$E, 5, FALSE), ""), IF(OR(_xlpm.v=0, _xlpm.v=""), "", _xlpm.v)) -> female
A86: 16 | B86: spine_only | C86: L4 | D86: 207.32 | E86: 218.5 | F86: 53988 | H86: =_xlfn.LET(_xlpm.v, IFERROR(VLOOKUP($A86, manifest!$A:$E, 3, FALSE), ""), IF(OR(_xlpm.v=0, _xlpm.v=""), "", _xlpm.v)) -> 52 | I86: =_xlfn.LET(_xlpm.v, IFERROR(VLOOKUP($A86, manifest!$A:$E, 5, FALSE), ""), IF(OR(_xlpm.v=0, _xlpm.v=""), "", _xlpm.v)) -> female
A87: 16 | B87: spine_only | C87: L5 | D87: 199.18 | E87: 187.35 | F87: 47702 | H87: =_xlfn.LET(_xlpm.v, IFERROR(VLOOKUP($A87, manifest!$A:$E, 3, FALSE), ""), IF(OR(_xlpm.v=0, _xlpm.v=""), "", _xlpm.v)) -> 52 | I87: =_xlfn.LET(_xlpm.v, IFERROR(VLOOKUP($A87, manifest!$A:$E, 5, FALSE), ""), IF(OR(_xlpm.v=0, _xlpm.v=""), "", _xlpm.v)) -> female
A88: 24 | B88: spine_only | C88: L1 | D88: 190.43 | E88: 163.25 | F88: 29705 | G88: normal | H88: =_xlfn.LET(_xlpm.v, IFERROR(VLOOKUP($A88, manifest!$A:$E, 3, FALSE), ""), IF(OR(_xlpm.v=0, _xlpm.v=""), "", _xlpm.v)) -> 58 | I88: =_xlfn.LET(_xlpm.v, IFERROR(VLOOKUP($A88, manifest!$A:$E, 5, FALSE), ""), IF(OR(_xlpm.v=0, _xlpm.v=""), "", _xlpm.v)) -> female
A89: 24 | B89: spine_only | C89: L2 | D89: 231.45 | E89: 242.38 | F89: 29612 | H89: =_xlfn.LET(_xlpm.v, IFERROR(VLOOKUP($A89, manifest!$A:$E, 3, FALSE), ""), IF(OR(_xlpm.v=0, _xlpm.v=""), "", _xlpm.v)) -> 58 | I89: =_xlfn.LET(_xlpm.v, IFERROR(VLOOKUP($A89, manifest!$A:$E, 5, FALSE), ""), IF(OR(_xlpm.v=0, _xlpm.v=""), "", _xlpm.v)) -> female
A90: 24 | B90: spine_only | C90: L3 | D90: 225.35 | E90: 229.46 | F90: 34240 | H90: =_xlfn.LET(_xlpm.v, IFERROR(VLOOKUP($A90, manifest!$A:$E, 3, FALSE), ""), IF(OR(_xlpm.v=0, _xlpm.v=""), "", _xlpm.v)) -> 58 | I90: =_xlfn.LET(_xlpm.v, IFERROR(VLOOKUP($A90, manifest!$A:$E, 5, FALSE), ""), IF(OR(_xlpm.v=0, _xlpm.v=""), "", _xlpm.v)) -> female
A91: 24 | B91: spine_only | C91: L4 | D91: 222.73 | E91: 248.9 | F91: 42176 | H91: =_xlfn.LET(_xlpm.v, IFERROR(VLOOKUP($A91, manifest!$A:$E, 3, FALSE), ""), IF(OR(_xlpm.v=0, _xlpm.v=""), "", _xlpm.v)) -> 58 | I91: =_xlfn.LET(_xlpm.v, IFERROR(VLOOKUP($A91, manifest!$A:$E, 5, FALSE), ""), IF(OR(_xlpm.v=0, _xlpm.v=""), "", _xlpm.v)) -> female
A92: 24 | B92: spine_only | C92: L5 | D92: 208.2 | E92: 230.57 | F92: 39133 | H92: =_xlfn.LET(_xlpm.v, IFERROR(VLOOKUP($A92, manifest!$A:$E, 3, FALSE), ""), IF(OR(_xlpm.v=0, _xlpm.v=""), "", _xlpm.v)) -> 58 | I92: =_xlfn.LET(_xlpm.v, IFERROR(VLOOKUP($A92, manifest!$A:$E, 5, FALSE), ""), IF(OR(_xlpm.v=0, _xlpm.v=""), "", _xlpm.v)) -> female
A93: 48 | B93: spine_only | C93: L1 | D93: 245.36 | E93: 146.62 | F93: 26537 | G93: normal | H93: =_xlfn.LET(_xlpm.v, IFERROR(VLOOKUP($A93, manifest!$A:$E, 3, FALSE), ""), IF(OR(_xlpm.v=0, _xlpm.v=""), "", _xlpm.v)) -> 54 | I93: =_xlfn.LET(_xlpm.v, IFERROR(VLOOKUP($A93, manifest!$A:$E, 5, FALSE), ""), IF(OR(_xlpm.v=0, _xlpm.v=""), "", _xlpm.v)) -> female
A94: 48 | B94: spine_only | C94: L2 | D94: 281.16 | E94: 207.42 | F94: 29812 | H94: =_xlfn.LET(_xlpm.v, IFERROR(VLOOKUP($A94, manifest!$A:$E, 3, FALSE), ""), IF(OR(_xlpm.v=0, _xlpm.v=""), "", _xlpm.v)) -> 54 | I94: =_xlfn.LET(_xlpm.v, IFERROR(VLOOKUP($A94, manifest!$A:$E, 5, FALSE), ""), IF(OR(_xlpm.v=0, _xlpm.v=""), "", _xlpm.v)) -> female
A95: 48 | B95: spine_only | C95: L3 | D95: 263.68 | E95: 217.19 | F95: 40477 | H95: =_xlfn.LET(_xlpm.v, IFERROR(VLOOKUP($A95, manifest!$A:$E, 3, FALSE), ""), IF(OR(_xlpm.v=0, _xlpm.v=""), "", _xlpm.v)) -> 54 | I95: =_xlfn.LET(_xlpm.v, IFERROR(VLOOKUP($A95, manifest!$A:$E, 5, FALSE), ""), IF(OR(_xlpm.v=0, _xlpm.v=""), "", _xlpm.v)) -> female
A96: 48 | B96: spine_only | C96: L4 | D96: 245.2 | E96: 205.41 | F96: 50195 | H96: =_xlfn.LET(_xlpm.v, IFERROR(VLOOKUP($A96, manifest!$A:$E, 3, FALSE), ""), IF(OR(_xlpm.v=0, _xlpm.v=""), "", _xlpm.v)) -> 54 | I96: =_xlfn.LET(_xlpm.v, IFERROR(VLOOKUP($A96, manifest!$A:$E, 5, FALSE), ""), IF(OR(_xlpm.v=0, _xlpm.v=""), "", _xlpm.v)) -> female
A97: 48 | B97: spine_only | C97: L5 | D97: 232.01 | E97: 182.44 | F97: 52194 | H97: =_xlfn.LET(_xlpm.v, IFERROR(VLOOKUP($A97, manifest!$A:$E, 3, FALSE), ""), IF(OR(_xlpm.v=0, _xlpm.v=""), "", _xlpm.v)) -> 54 | I97: =_xlfn.LET(_xlpm.v, IFERROR(VLOOKUP($A97, manifest!$A:$E, 5, FALSE), ""), IF(OR(_xlpm.v=0, _xlpm.v=""), "", _xlpm.v)) -> female
A98: 34 | B98: spine_only | C98: L1 | D98: 194.78 | E98: 159.17 | F98: 60619 | G98: normal | H98: =_xlfn.LET(_xlpm.v, IFERROR(VLOOKUP($A98, manifest!$A:$E, 3, FALSE), ""), IF(OR(_xlpm.v=0, _xlpm.v=""), "", _xlpm.v)) -> 53 | I98: =_xlfn.LET(_xlpm.v, IFERROR(VLOOKUP($A98, manifest!$A:$E, 5, FALSE), ""), IF(OR(_xlpm.v=0, _xlpm.v=""), "", _xlpm.v)) -> male
A99: 34 | B99: spine_only | C99: L2 | D99: 209.46 | E99: 178.2 | F99: 58026 | H99: =_xlfn.LET(_xlpm.v, IFERROR(VLOOKUP($A99, manifest!$A:$E, 3, FALSE), ""), IF(OR(_xlpm.v=0, _xlpm.v=""), "", _xlpm.v)) -> 53 | I99: =_xlfn.LET(_xlpm.v, IFERROR(VLOOKUP($A99, manifest!$A:$E, 5, FALSE), ""), IF(OR(_xlpm.v=0, _xlpm.v=""), "", _xlpm.v)) -> male
A100: 34 | B100: spine_only | C100: L3 | D100: 218.94 | E100: 189.42 | F100: 69492 | H100: =_xlfn.LET(_xlpm.v, IFERROR(VLOOKUP($A100, manifest!$A:$E, 3, FALSE), ""), IF(OR(_xlpm.v=0, _xlpm.v=""), "", _xlpm.v)) -> 53 | I100: =_xlfn.LET(_xlpm.v, IFERROR(VLOOKUP($A100, manifest!$A:$E, 5, FALSE), ""), IF(OR(_xlpm.v=0, _xlpm.v=""), "", _xlpm.v)) -> male
...

Sheet demographics
A1: token | B1: config | C1: vertebra | D1: mean_HU | E1: sd_HU | F1: voxel_count | G1: classification | H1: age | I1: sex
A2: 36 | B2: fused | C2: L1 | D2: 176 | E2: 138.97 | F2: 19792 | G2: normal | H2: 69 | I2: female
A3: 13 | B3: fused | C3: L1 | D3: 255.84 | E3: 109.77 | F3: 23607 | G3: normal | H3: 52 | I3: female
A4: 26 | B4: spine_only | C4: L1 | D4: 166.4 | E4: 122.52 | F4: 33167 | G4: normal | H4: 51 | I4: male
A5: 4 | B5: spine_only | C5: L1 | D5: 123.53 | E5: 80.98 | F5: 32412 | G5: osteopenia | H5: 51 | I5: male
A6: 42 | B6: spine_only | C6: L1 | D6: 211.15 | E6: 144.6 | F6: 44198 | G6: normal | H6: 52 | I6: female
A7: 33 | B7: fused | C7: L1 | D7: 260.27 | E7: 213.54 | F7: 26766 | G7: normal | H7: 61 | I7: female
A8: 6 | B8: spine_only | C8: L1 | D8: 199.86 | E8: 194.47 | F8: 37076 | G8: normal | H8: 50 | I8: male
A9: 54 | B9: spine_only | C9: L1 | D9: 199.32 | E9: 113.55 | F9: 21802 | G9: normal | I9: male
A10: 15 | B10: spine_only | C10: L1 | D10: 120.63 | E10: 75.82 | F10: 32999 | G10: osteopenia | H10: 89 | I10: other
A11: 5 | B11: fused | C11: L1 | D11: 210.78 | E11: 162.35 | F11: 51857 | G11: normal | H11: 61 | I11: male
A12: 43 | B12: fused | C12: L1 | D12: 250.46 | E12: 243.87 | F12: 24776 | G12: normal | H12: 55 | I12: female
A13: 28 | B13: fused | C13: L1 | D13: 240.75 | E13: 135.58 | F13: 31169 | G13: normal | H13: 77 | I13: male
A14: 12 | B14: spine_only | C14: L1 | D14: 173.96 | E14: 120.48 | F14: 21752 | G14: normal | H14: 70 | I14: female
A15: 38 | B15: fused | C15: L1 | D15: 174.97 | E15: 176.02 | F15: 29489 | G15: normal | H15: 60 | I15: female
A16: 11 | B16: spine_only | C16: L1 | D16: 293.94 | E16: 152.24 | F16: 18843 | G16: normal | H16: 56 | I16: male
A17: 32 | B17: fused | C17: L1 | D17: 276.3 | E17: 203.13 | F17: 19032 | G17: normal | H17: 59 | I17: female
A18: 16 | B18: spine_only | C18: L1 | D18: 208.02 | E18: 166.68 | F18: 30370 | G18: normal | H18: 52 | I18: female
A19: 24 | B19: spine_only | C19: L1 | D19: 190.43 | E19: 163.25 | F19: 29705 | G19: normal | H19: 58 | I19: female
A20: 48 | B20: spine_only | C20: L1 | D20: 245.36 | E20: 146.62 | F20: 26537 | G20: normal | H20: 54 | I20: female
A21: 34 | B21: spine_only | C21: L1 | D21: 194.78 | E21: 159.17 | F21: 60619 | G21: normal | H21: 53 | I21: male
... A29: 23 | B29: spine_only | C29: L1 | D29: 312.78 | E29: 154.89 | F29: 14255 | G29: normal | H29: 52 | I29: female
A30: 50 | B30: fused | C30: L1 | D30: 190.97 | E30: 131.64 | F30: 41102 | G30: normal | I30: male
A31: 41 | B31: fused | C31: L1 | D31: 232.16 | E31: 181.63 | F31: 36694 | G31: normal | H31: 63 | I31: female
A32: 9 | B32: spine_only | C32: L1 | D32: 234.82 | E32: 169.77 | F32: 26612 | G32: normal | H32: 50 | I32: female
A33: 18 | B33: spine_only | C33: L1 | D33: 265.57 | E33: 113.84 | F33: 25549 | G33: normal | I33: female
A34: 3 | B34: fused | C34: L1 | D34: 215.1 | E34: 105.06 | F34: 35606 | G34: normal | H34: 65 | I34: male
A35: 45 | B35: fused | C35: L1 | D35: 221.15 | E35: 138.54 | F35: 27598 | G35: normal | H35: 55 | I35: female
A36: 40 | B36: fused | C36: L1 | D36: 188.11 | E36: 172.11 | F36: 28596 | G36: normal | H36: 71 | I36: male
A37: 21 | B37: spine_only | C37: L1 | D37: 150.69 | E37: 161.37 | F37: 35422 | G37: osteopenia | H37: 51 | I37: male
A38: 1 | B38: spine_only | C38: L1 | D38: 131.78 | E38: 99 | F38: 23979 | G38: osteopenia | H38: 59 | I38: female
A39: 30 | B39: spine_only | C39: L1 | D39: 251.79 | E39: 203.89 | F39: 35586 | G39: normal | H39: 70 | I39: male
A40: 29 | B40: fused | C40: L1 | D40: 225.78 | E40: 160.21 | F40: 36088 | G40: normal | H40: 79 | I40: male
A41: 17 | B41: fused | C41: L1 | D41: 153.66 | E41: 122.9 | F41: 32928 | G41: osteopenia | H41: 57 | I41: female
A42: 25 | B42: fused | C42: L1 | D42: 229.35 | E42: 118.48 | F42: 35944 | G42: normal | H42: 62 | I42: male
A43: 2 | B43: fused | C43: L1 | D43: 189.06 | E43: 115.07 | F43: 39827 | G43: normal | H43: 60 | I43: male
A44: 53 | B44: fused | C44: L1 | D44: 182.92 | E44: 103.93 | F44: 38842 | G44: normal | I44: male
A45: 10 | B45: fused | C45: L1 | D45: 156.61 | E45: 111.81 | F45: 43953 | G45: osteopenia | H45: 68 | I45: male
A46: 14 | B46: fused | C46: L1 | D46: 237.17 | E46: 142.45 | F46: 23253 | G46: normal | I46: female
A47: 8 | B47: spine_only | C47: L1 | D47: 174.72 | E47: 159.57 | F47: 30914 | G47: normal | H47: 70 | I47: male
A48: 47 | B48: fused | C48: L1 | D48: 172 | E48: 154.84 | F48: 25471 | G48: normal | H48: 57 | I48: female
A49: 58 | B49: fused | C49: L1 | D49: 135.03 | E49: 90.65 | F49: 32983 | G49: osteopenia | H49: 53 | I49: female
A50: 20 | B50: spine_only | C50: L1 | D50: 241.65 | E50: 177.25 | F50: 50996 | G50: normal | H50: 54 | I50: male
A51: 52 | B51: fused | C51: L1 | D51: 154.59 | E51: 118.65 | F51: 29759 | G51: osteopenia | I51: male
A52: 51 | B52: fused | C52: L1 | D52: 199.18 | E52: 149.22 | F52: 34693 | G52: normal | I52: male
A53: 44 | B53: spine_only | C53: L1 | D53: 173.22 | E53: 173.23 | F53: 33004 | G53: normal | H53: 72 | I53: female
A54: 62 | B54: spine_only | C54: L1 | D54: 271.37 | E54: 134.54 | F54: 28452 | G54: normal | H54: 57 | I54: female
A55: 49 | B55: fused | C55: L1 | D55: 226.32 | E55: 172.36 | F55: 31413 | G55: normal | I55: male
A56: 56 | B56: spine_only | C56: L1 | D56: 230.58 | E56: 149.63 | F56: 21624 | G56: normal | I56: female
A57: 57 | B57: spine_only | C57: L1 | D57: 272.43 | E57: 145.54 | F57: 26315 | G57: normal | I57: female
A58: 55 | B58: spine_only | C58: L1 | D58: 150.28 | E58: 73.85 | F58: 24289 | G58: osteopenia | I58: female
A59: 64 | B59: spine_only | C59: L1 | D59: 211.36 | E59: 276.95 | F59: 58906 | G59: normal | H59: 89
A60: 67 | B60: spine_only | C60: L1 | D60: 128.01 | E60: 98.31 | F60: 34851 | G60: osteopenia | H60: 89
A61: 95 | B61: fused | C61: L1 | D61: 206.04 | E61: 108.94 | F61: 31905 | G61: normal | H61: 54 | I61: male
A62: 69 | B62: spine_only | C62: L1 | D62: 98.24 | E62: 99.6 | F62: 28237 | G62: osteoporosis | H62: 72 | I62: female
A63: 81 | B63: spine_only | C63: L1 | D63: 238.35 | E63: 178.16 | F63: 37374 | G63: normal | I63: male
A64: 60 | B64: spine_only | C64: L1 | D64: 152.79 | E64: 122.57 | F64: 40215 | G64: osteopenia | I64: male
A65: 68 | B65: fused | C65: L1 | D65: 165.7 | E65: 80.5 | F65: 19832 | G65: normal | H65: 89
A66: 73 | B66: fused | C66: L1 | D66: 282.65 | E66: 148.98 | F66: 31079 | G66: normal | H66: 50 | I66: male
A67: 93 | B67: fused | C67: L1 | D67: 215.42 | E67: 146.18 | F67: 33688 | G67: normal | H67: 65 | I67: male
A68: 84 | B68: spine_only | C68: L1 | D68: 281.76 | E68: 226.14 | F68: 22988 | G68: normal | H68: 54 | I68: male
A69: 65 | B69: fused | C69: L1 | D69: 237.61 | E69: 178.58 | F69: 37509 | G69: normal | H69: 89
A70: 88 | B70: spine_only | C70: L1 | D70: 225.37 | E70: 126.86 | F70: 23061 | G70: normal | H70: 50 | I70: female
A71: 72 | B71: spine_only | C71: L1 | D71: 164.3 | E71: 144.49 | F71: 36652 | G71: normal | H71: 59 | I71: female
A72: 71 | B72: fused | C72: L1 | D72: 179.47 | E72: 163.26 | F72: 47063 | G72: normal | H72: 58 | I72: female
A73: 105 | B73: fused | C73: L1 | D73: 224.27 | E73: 174.24 | F73: 33104 | G73: normal | H73: 74 | I73: female
A74: 74 | B74: spine_only | C74: L1 | D74: 172.69 | E74: 141.77 | F74: 40291 | G74: normal | H74: 53 | I74: male
A75: 79 | B75: spine_only | C75: L1 | D75: 211.81 | E75: 186.28 | F75: 43354 | G75: normal | H75: 53 | I75: male
A76: 82 | B76: spine_only | C76: L1 | D76: 197.36 | E76: 117.05 | F76: 31054 | G76: normal | H76: 51 | I76: male
A77: 91 | B77: spine_only | C77: L1 | D77: 339.38 | E77: 220.5 | F77: 31171 | G77: normal | H77: 56 | I77: male
A78: 80 | B78: fused | C78: L1 | D78: 174.3 | E78: 93.87 | F78: 42610 | G78: normal | H78: 51 | I78: male
A79: 86 | B79: fused | C79: L1 | D79: 282.8 | E79: 213.34 | F79: 33285 | G79: normal | H79: 71 | I79: male
A80: 90 | B80: fused | C80: L1 | D80: 228.06 | E80: 179.4 | F80: 28248 | G80: normal | H80: 64 | I80: male
A81: 76 | B81: fused | C81: L1 | D81: 177.19 | E81: 159.11 | F81: 33141 | G81: normal | H81: 62 | I81: male
... A95: 109 | B95: fused | C95: L1 | D95: 288.83 | E95: 181.06 | F95: 22278 | G95: normal | H95: 50 | I95: female
A96: 66 | B96: fused | C96: L1 | D96: 337.32 | E96: 154.6 | F96: 24586 | G96: normal | H96: 89
A97: 104 | B97: spine_only | C97: L1 | D97: 179.33 | E97: 189.96 | F97: 26056 | G97: normal | H97: 54 | I97: female
A98: 122 | B98: spine_only | C98: L1 | D98: 202.38 | E98: 129.07 | F98: 20969 | G98: normal | H98: 68 | I98: female
A99: 118 | B99: fused | C99: L1 | D99: 146.09 | E99: 112.98 | F99: 19793 | G99: osteopenia | H99: 62 | I99: female
A100: 101 | B100: spine_only | C100: L1 | D100: 215.49 | E100: 136.97 | F100: 18592 | G100: normal | H100: 50 | I100: female
A101: 106 | B101: spine_only | C101: L1 | D101: 205.18 | E101: 164.74 | F101: 22130 | G101: normal | H101: 61 | I101: female
A102: 124 | B102: fused | C102: L1 | D102: 275.71 | E102: 134.43 | F102: 28827 | G102: normal | H102: 50 | I102: male
A103: 113 | B103: fused | C103: L1 | D103: 210.55 | E103: 112.06 | F103: 21782 | G103: normal | H103: 52 | I103: female
A104: 102 | B104: spine_only | C104: L1 | D104: 219.82 | E104: 191.28 | F104: 29826 | G104: normal | H104: 51 | I104: female
A105: 98 | B105: fused | C105: L1 | D105: 190.56 | E105: 169.89 | F105: 36585 | G105: normal | H105: 54 | I105: male
A106: 114 | B106: spine_only | C106: L1 | D106: 191.79 | E106: 157.61 | F106: 27860 | G106: normal | H106: 53 | I106: female
A107: 103 | B107: fused | C107: L1 | D107: 261.63 | E107: 114.81 | F107: 25926 | G107: normal | H107: 57 | I107: female
A108: 132 | B108: spine_only | C108: L1 | D108: 224.93 | E108: 146.33 | F108: 18803 | G108: normal | I108: female
A109: 100 | B109: fused | C109: L1 | D109: 258.12 | E109: 168.01 | F109: 27435 | G109: normal | H109: 56 | I109: male
A110: 120 | B110: spine_only | C110: L1 | D110: 148.17 | E110: 75.03 | F110: 24129 | G110: osteopenia | H110: 60 | I110: male
A111: 110 | B111: spine_only | C111: L1 | D111: 219.56 | E111: 150.75 | F111: 31349 | G111: normal | H111: 58 | I111: male
A112: 99 | B112: spine_only | C112: L1 | D112: 246.66 | E112: 170.09 | F112: 27965 | G112: normal | H112: 50 | I112: female
A113: 123 | B113: spine_only | C113: L1 | D113: 170.05 | E113: 153.57 | F113: 28952 | G113: normal | H113: 65 | I113: male
A114: 129 | B114: fused | C114: L1 | D114: 214.27 | E114: 160.52 | F114: 33773 | G114: normal | I114: female
A115: 121 | B115: spine_only | C115: L1 | D115: 245.37 | E115: 100.58 | F115: 34319 | G115: normal | H115: 59 | I115: male
A116: 137 | B116: fused | C116: L1 | D116: 263.37 | E116: 205.29 | F116: 34864 | G116: normal | I116: male
A117: 116 | B117: fused | C117: L1 | D117: 309.25 | E117: 222.82 | F117: 26503 | G117: normal | H117: 54 | I117: male
A118: 127 | B118: spine_only | C118: L1 | D118: 134.79 | E118: 174.75 | F118: 26971 | G118: osteopenia | I118: male
A119: 147 | B119: spine_only | C119: L1 | D119: 230.39 | E119: 144.74 | F119: 33416 | G119: normal | H119: 62 | I119: female
A120: 112 | B120: fused | C120: L1 | D120: 294.48 | E120: 205.23 | F120: 31191 | G120: normal | H120: 51 | I120: female
...

Sheet manifest
A1: token | B1: position | C1: age | D1: age_band | E1: sex | F1: patient_weight | G1: patient_size | H1: convolution_kernel | I1: manufacturer | J1: manufacturer_model | K1: slice_thickness | L1: kvp | M1: config | N1: match_type | O1: prov_spine | P1: prov_pelvis | Q1: lstv_label | R1: lstv_class | S1: lstv_pelvic | T1: lstv_vertebral | U1: lstv_agreement | V1: lstv_confusion_zone | W1: has_l6 | X1: n_lumbar_labels | Y1: alignment_ok | Z1: ct_resampled_to_mask | AA1: postwrite_hip_bone_pct | AB1: partial_annotation | AC1: n_voxels_ignore | AD1: n_voxels_fg | AE1: n_voxels_bg | AF1: spine_series_uid | AG1: pelvic_series_uid | AH1: spine_bone_pct | AI1: pelvic_bone_pct | AJ1: ct_file | AK1: label_file | AL1: qc_file
A2: 9 | B2: prone | C2: 50 | D2: 50-59 | E2: female | H2: B30f | I2: SIEMENS | J2: Sensation 64 | K2: 1 | L2: 120 | M2: pelvic_native | N2: separate | P2: manual | Q2: normal | R2: 0 | S2: NORMAL | T2: NORMAL | U2: TRUE | V2: FALSE | W2: FALSE | X2: 0 | Y2: TRUE | Z2: TRUE | AA2: 74 | AB2: TRUE | AC2: 116121445 | AD2: 1843355 | AE2: 0 | AF2: 1.3.6.1.4.1.9328.50.4.9431 | AG2: 1.3.6.1.4.1.9328.50.4.8980 | AH2: 75.9 | AI2: 71.2 | AJ2: ct/0009_pelvic_ct.nii.gz | AK2: labels/0009_pelvic_label.nii.gz | AL2: qc/0009_pelvic_qc.png
A3: 16 | B3: supine | C3: 52 | D3: 50-59 | E3: female | H3: B30f | I3: SIEMENS | J3: Sensation 64 | K3: 1 | L3: 120 | M3: spine_only | N3: spine_only | O3: manual | Q3: normal | R3: 0 | T3: NORMAL | V3: FALSE | W3: FALSE | X3: 5 | Y3: TRUE | Z3: TRUE | AB3: TRUE | AC3: 129383911 | AD3: 639513 | AE3: 0 | AF3: 1.3.6.1.4.1.9328.50.4.15570 | AH3: 67.9 | AJ3: ct/0016_spine_ct.nii.gz | AK3: labels/0016_spine_label.nii.gz | AL3: qc/0016_spine_qc.png
A4: 6 | B4: supine | C4: 50 | D4: 50-59 | E4: male | H4: B30f | I4: SIEMENS | J4: Sensation 16 | K4: 1 | L4: 120 | M4: pelvic_native | N4: separate | P4: manual | Q4: SACRALIZATION | R4: 3 | S4: SACRALIZATION | T4: NORMAL | U4: FALSE | V4: TRUE | W4: FALSE | X4: 0 | Y4: TRUE | Z4: TRUE | AA4: 56.6 | AB4: TRUE | AC4: 123498384 | AD4: 2068592 | AE4: 0 | AF4: 1.3.6.1.4.1.9328.50.4.5980 | AG4: 1.3.6.1.4.1.9328.50.4.5691 | AH4: 59.5 | AI4: 56 | AJ4: ct/0006_pelvic_ct.nii.gz | AK4: labels/0006_pelvic_label.nii.gz | AL4: qc/0006_pelvic_qc.png
A5: 6 | B5: supine | C5: 50 | D5: 50-59 | E5: male | H5: B30f | I5: SIEMENS | J5: Sensation 16 | K5: 1 | L5: 120 | M5: spine_only | N5: separate | O5: manual | Q5: SACRALIZATION | R5: 3 | S5: SACRALIZATION | T5: NORMAL | U5: FALSE | V5: TRUE | W5: FALSE | X5: 5 | Y5: TRUE | Z5: TRUE | AB5: TRUE | AC5: 121700572 | AD5: 720676 | AE5: 0 | AF5: 1.3.6.1.4.1.9328.50.4.5980 | AG5: 1.3.6.1.4.1.9328.50.4.5691 | AH5: 59.5 | AI5: 56 | AJ5: ct/0006_spine_ct.nii.gz | AK5: labels/0006_spine_label.nii.gz | AL5: qc/0006_spine_qc.png
A6: 12 | B6: supine | C6: 70 | D6: 70-79 | E6: female | F6: 10.5 | H6: B | I6: Philips | J6: Brilliance 40 | K6: 1 | L6: 120 | M6: spine_only | N6: spine_only | O6: manual | Q6: normal | R6: 0 | T6: NORMAL | V6: FALSE | W6: FALSE | X6: 5 | Y6: TRUE | Z6: TRUE | AB6: TRUE | AC6: 134927115 | AD6: 601333 | AE6: 0 | AF6: 1.3.6.1.4.1.9328.50.4.11590 | AH6: 60.6 | AJ6: ct/0012_spine_ct.nii.gz | AK6: labels/0012_spine_label.nii.gz | AL6: qc/0012_spine_qc.png
A7: 7 | B7: supine | C7: 61 | D7: 60-69 | E7: male | H7: B30f | I7: SIEMENS | J7: Sensation 64 | K7: 1 | L7: 120 | M7: pelvic_native | N7: separate | P7: manual | Q7: normal | R7: 0 | S7: NORMAL | T7: NORMAL | U7: TRUE | V7: FALSE | W7: FALSE | X7: 0 | Y7: TRUE | Z7: TRUE | AA7: 55.7 | AB7: TRUE | AC7: 141207102 | AD7: 1923522 | AE7: 0 | AF7: 1.3.6.1.4.1.9328.50.4.7198 | AG7: 1.3.6.1.4.1.9328.50.4.6651 | AH7: 59.2 | AI7: 54.9 | AJ7: ct/0007_pelvic_ct.nii.gz | AK7: labels/0007_pelvic_label.nii.gz | AL7: qc/0007_pelvic_qc.png
A8: 11 | B8: supine | C8: 56 | D8: 50-59 | E8: male | F8: 10.5 | H8: B | I8: Philips | J8: Brilliance 40 | K8: 1 | L8: 140 | M8: spine_only | N8: spine_only | O8: manual | Q8: normal | R8: 0 | T8: NORMAL | V8: FALSE | W8: FALSE | X8: 5 | Y8: TRUE | Z8: TRUE | AB8: TRUE | AC8: 150321130 | AD8: 411670 | AE8: 0 | AF8: 1.3.6.1.4.1.9328.50.4.10416 | AH8: 84.7 | AJ8: ct/0011_spine_ct.nii.gz | AK8: labels/0011_spine_label.nii.gz | AL8: qc/0011_spine_qc.png
A9: 17 | B9: supine | C9: 57 | D9: 50-59 | E9: female | H9: B30f | I9: SIEMENS | J9: Sensation 64 | K9: 1 | L9: 120 | M9: fused | N9: fused | O9: manual | P9: manual | Q9: normal | R9: 0 | S9: NORMAL | T9: NORMAL | U9: TRUE | V9: FALSE | W9: FALSE | X9: 5 | Y9: TRUE | Z9: TRUE | AA9: 63.5 | AB9: FALSE | AC9: 0 | AD9: 3344297 | AE9: 126941271 | AF9: 1.3.6.1.4.1.9328.50.4.16589 | AG9: 1.3.6.1.4.1.9328.50.4.16589 | AH9: 57.2 | AI9: 58.7 | AJ9: ct/0017_ct.nii.gz | AK9: labels/0017_label.nii.gz | AL9: qc/0017_qc.png
A10: 1 | B10: prone | C10: 59 | D10: 50-59 | E10: female | H10: B30f | I10: SIEMENS | J10: Sensation 64 | K10: 1 | L10: 120 | M10: pelvic_native | N10: separate | P10: manual | Q10: normal | R10: 0 | S10: NORMAL | T10: NORMAL | U10: TRUE | V10: FALSE | W10: FALSE | X10: 0 | Y10: TRUE | Z10: TRUE | AA10: 63.3 | AB10: TRUE | AC10: 162219000 | AD10: 1621000 | AE10: 0 | AF10: 1.3.6.1.4.1.9328.50.4.2 | AG10: 1.3.6.1.4.1.9328.50.4.563 | AH10: 50 | AI10: 56.4 | AJ10: ct/0001_pelvic_ct.nii.gz | AK10: labels/0001_pelvic_label.nii.gz | AL10: qc/0001_pelvic_qc.png
A11: 1 | B11: prone | C11: 59 | D11: 50-59 | E11: female | H11: B30f | I11: SIEMENS | J11: Sensation 64 | K11: 1 | L11: 120 | M11: spine_only | N11: separate | O11: manual | Q11: normal | R11: 0 | S11: NORMAL | T11: NORMAL | U11: TRUE | V11: FALSE | W11: FALSE | X11: 5 | Y11: TRUE | Z11: TRUE | AB11: TRUE | AC11: 157808344 | AD11: 526632 | AE11: 0 | AF11: 1.3.6.1.4.1.9328.50.4.2 | AG11: 1.3.6.1.4.1.9328.50.4.563 | AH11: 50 | AI11: 56.4 | AJ11: ct/0001_spine_ct.nii.gz | AK11: labels/0001_spine_label.nii.gz | AL11: qc/0001_spine_qc.png
A12: 13 | B12: supine | C12: 52 | D12: 50-59 | E12: female | H12: B30f | I12: SIEMENS | J12: Sensation 16 | K12: 1 | L12: 120 | M12: fused | N12: fused | O12: manual | P12: manual | Q12: normal | R12: 0 | S12: NORMAL | T12: NORMAL | U12: TRUE | V12: FALSE | W12: FALSE | X12: 5 | Y12: TRUE | Z12: TRUE | AA12: 78.4 | AB12: FALSE | AC12: 0 | AD12: 2101038 | AE12: 138146002 | AF12: 1.3.6.1.4.1.9328.50.4.12365 | AG12: 1.3.6.1.4.1.9328.50.4.12365 | AH12: 84 | AI12: 76.5 | AJ12: ct/0013_ct.nii.gz | AK12: labels/0013_label.nii.gz | AL12: qc/0013_qc.png
A13: 15 | B13: prone | C13: 89 | D13: 80-89 | E13: other | H13: B30f | I13: SIEMENS | J13: Sensation 64 | K13: 1 | L13: 120 | M13: pelvic_native | N13: separate | P13: manual | Q13: SACRALIZATION | R13: 3 | S13: SACRALIZATION | T13: NORMAL | U13: FALSE | V13: TRUE | W13: FALSE | X13: 0 | Y13: TRUE | Z13: TRUE | AA13: 53.9 | AB13: TRUE | AC13: 134245059 | AD13: 2331965 | AE13: 0 | AF13: 1.3.6.1.4.1.9328.50.4.15089 | AG13: 1.3.6.1.4.1.9328.50.4.14567 | AH13: 55.6 | AI13: 52.1 | AJ13: ct/0015_pelvic_ct.nii.gz | AK13: labels/0015_pelvic_label.nii.gz | AL13: qc/0015_pelvic_qc.png
A14: 8 | B14: supine | C14: 70 | D14: 70-79 | E14: male | H14: B30f | I14: SIEMENS | J14: Sensation 64 | K14: 1 | L14: 120 | M14: pelvic_native | N14: separate | P14: manual | Q14: normal | R14: 0 | S14: NORMAL | T14: NORMAL | U14: TRUE | V14: FALSE | W14: FALSE | X14: 0 | Y14: TRUE | Z14: TRUE | AA14: 62.3 | AB14: TRUE | AC14: 169229961 | AD14: 1687927 | AE14: 0 | AF14: 1.3.6.1.4.1.9328.50.4.7889 | AG14: 1.3.6.1.4.1.9328.50.4.7701 | AH14: 56.5 | AI14: 58.3 | AJ14: ct/0008_pelvic_ct.nii.gz | AK14: labels/0008_pelvic_label.nii.gz | AL14: qc/0008_pelvic_qc.png
A15: 14 | B15: supine | E15: female | H15: B30f | I15: SIEMENS | J15: Sensation 16 | K15: 1 | L15: 120 | M15: fused | N15: fused | O15: manual | P15: manual | Q15: normal | R15: 0 | S15: NORMAL | T15: NORMAL | U15: TRUE | V15: FALSE | W15: FALSE | X15: 5 | Y15: TRUE | Z15: TRUE | AA15: 67.5 | AB15: FALSE | AC15: 0 | AD15: 2140225 | AE15: 149379007 | AF15: 1.3.6.1.4.1.9328.50.4.13405 | AG15: 1.3.6.1.4.1.9328.50.4.13405 | AH15: 76.3 | AI15: 64.7 | AJ15: ct/0014_ct.nii.gz | AK15: labels/0014_label.nii.gz | AL15: qc/0014_qc.png
A16: 3 | B16: supine | C16: 65 | D16: 60-69 | E16: male | H16: B30f | I16: SIEMENS | J16: Sensation 64 | K16: 1 | L16: 120 | M16: fused | N16: fused | O16: manual | P16: manual | Q16: normal | R16: 0 | S16: NORMAL | T16: NORMAL | U16: TRUE | V16: FALSE | W16: FALSE | X16: 5 | Y16: TRUE | Z16: TRUE | AA16: 71.5 | AB16: FALSE | AC16: 0 | AD16: 2781065 | AE16: 171020407 | AF16: 1.3.6.1.4.1.9328.50.4.2320_orientation_fixed | AG16: 1.3.6.1.4.1.9328.50.4.2320_orientation_fixed | AH16: 75.2 | AI16: 68.9 | AJ16: ct/0003_ct.nii.gz | AK16: labels/0003_label.nii.gz | AL16: qc/0003_qc.png
A17: 9 | B17: prone | C17: 50 | D17: 50-59 | E17: female | H17: B30f | I17: SIEMENS | J17: Sensation 64 | K17: 1 | L17: 120 | M17: spine_only | N17: separate | O17: manual | Q17: normal | R17: 0 | S17: NORMAL | T17: NORMAL | U17: TRUE | V17: FALSE | W17: FALSE | X17: 5 | Y17: TRUE | Z17: TRUE | AB17: TRUE | AC17: 112702775 | AD17: 543433 | AE17: 0 | AF17: 1.3.6.1.4.1.9328.50.4.9431 | AG17: 1.3.6.1.4.1.9328.50.4.8980 | AH17: 75.9 | AI17: 71.2 | AJ17: ct/0009_spine_ct.nii.gz | AK17: labels/0009_spine_label.nii.gz | AL17: qc/0009_spine_qc.png
A18: 5 | B18: prone | C18: 61 | D18: 60-69 | E18: male | H18: B30f | I18: SIEMENS | J18: Sensation 16 | K18: 1 | L18: 120 | M18: fused | N18: fused | O18: manual | P18: manual | Q18: normal | R18: 0 | S18: NORMAL | T18: NORMAL | U18: TRUE | V18: FALSE | W18: FALSE | X18: 5 | Y18: TRUE | Z18: TRUE | AA18: 54.6 | AB18: FALSE | AC18: 0 | AD18: 3585776 | AE18: 101533968 | AF18: 1.3.6.1.4.1.9328.50.4.4716 | AG18: 1.3.6.1.4.1.9328.50.4.4716 | AH18: 64.6 | AI18: 56.2 | AJ18: ct/0005_ct.nii.gz | AK18: labels/0005_label.nii.gz | AL18: qc/0005_qc.png
A19: 18 | B19: supine | E19: female | H19: B30f | I19: SIEMENS | J19: Sensation 64 | K19: 1 | L19: 120 | M19: pelvic_native | N19: separate | P19: manual | Q19: normal | R19: 0 | S19: NORMAL | T19: NORMAL | U19: TRUE | V19: FALSE | W19: FALSE | X19: 0 | Y19: TRUE | Z19: TRUE | AA19: 70.3 | AB19: TRUE | AC19: 129240299 | AD19: 2093845 | AE19: 0 | AF19: 1.3.6.1.4.1.9328.50.4.17584 | AG19: 1.3.6.1.4.1.9328.50.4.18086 | AH19: 84 | AI19: 70.2 | AJ19: ct/0018_pelvic_ct.nii.gz | AK19: labels/0018_pelvic_label.nii.gz | AL19: qc/0018_pelvic_qc.png
A20: 18 | B20: supine | E20: female | H20: B30f | I20: SIEMENS | J20: Sensation 64 | K20: 1 | L20: 120 | M20: spine_only | N20: separate | O20: manual | Q20: normal | R20: 0 | S20: NORMAL | T20: NORMAL | U20: TRUE | V20: FALSE | W20: FALSE | X20: 5 | Y20: TRUE | Z20: TRUE | AB20: TRUE | AC20: 130596117 | AD20: 738027 | AE20: 0 | AF20: 1.3.6.1.4.1.9328.50.4.17584 | AG20: 1.3.6.1.4.1.9328.50.4.18086 | AH20: 84 | AI20: 70.2 | AJ20: ct/0018_spine_ct.nii.gz | AK20: labels/0018_spine_label.nii.gz | AL20: qc/0018_spine_qc.png
A21: 19 | B21: decubitus_right | C21: 51 | D21: 50-59 | E21: female | H21: FC13 | I21: TOSHIBA | J21: Aquilion | K21: 1 | L21: 120 | M21: pelvic_native | N21: separate | P21: manual | Q21: normal | R21: 0 | S21: NORMAL | T21: NORMAL | U21: TRUE | V21: FALSE | W21: FALSE | X21: 0 | Y21: TRUE | Z21: TRUE | AA21: 89.3 | AB21: TRUE | AC21: 124796663 | AD21: 1556745 | AE21: 0 | AF21: 1.3.6.1.4.1.9328.50.4.19520 | AG21: 1.3.6.1.4.1.9328.50.4.18592 | AH21: 88.6 | AI21: 84.6 | AJ21: ct/0019_pelvic_ct.nii.gz | AK21: labels/0019_pelvic_label.nii.gz | AL21: qc/0019_pelvic_qc.png
A22: 15 | B22: prone | C22: 89 | D22: 80-89 | E22: other | H22: B30f | I22: SIEMENS | J22: Sensation 64 | K22: 1 | L22: 120 | M22: spine_only | N22: separate | O22: manual | Q22: SACRALIZATION | R22: 3 | S22: SACRALIZATION | T22: NORMAL | U22: FALSE | V22: TRUE | W22: FALSE | X22: 5 | Y22: TRUE | Z22: TRUE | AB22: TRUE | AC22: 124054432 | AD22: 726112 | AE22: 0 | AF22: 1.3.6.1.4.1.9328.50.4.15089 | AG22: 1.3.6.1.4.1.9328.50.4.14567 | AH22: 55.6 | AI22: 52.1 | AJ22: ct/0015_spine_ct.nii.gz | AK22: labels/0015_spine_label.nii.gz | AL22: qc/0015_spine_qc.png
A23: 4 | B23: supine | C23: 51 | D23: 50-59 | E23: male | H23: B30f | I23: SIEMENS | J23: Sensation 64 | K23: 1 | L23: 120 | M23: pelvic_native | N23: separate | P23: manual | Q23: SACRALIZATION | R23: 3 | S23: SACRALIZATION | T23: LUMBARIZATION | U23: FALSE | V23: TRUE | W23: FALSE | X23: 0 | Y23: TRUE | Z23: TRUE | AA23: 53.8 | AB23: TRUE | AC23: 140803088 | AD23: 1803248 | AE23: 0 | AF23: 1.3.6.1.4.1.9328.50.4.4371 | AG23: 1.3.6.1.4.1.9328.50.4.3828 | AH23: 52.1 | AI23: 51.7 | AJ23: ct/0004_pelvic_ct.nii.gz | AK23: labels/0004_pelvic_label.nii.gz | AL23: qc/0004_pelvic_qc.png
A24: 19 | B24: decubitus_right | C24: 51 | D24: 50-59 | E24: female | H24: FC13 | I24: TOSHIBA | J24: Aquilion | K24: 1 | L24: 120 | M24: spine_only | N24: separate | O24: manual | Q24: normal | R24: 0 | S24: NORMAL | T24: NORMAL | U24: TRUE | V24: FALSE | W24: FALSE | X24: 5 | Y24: TRUE | Z24: TRUE | AB24: TRUE | AC24: 115537512 | AD24: 854424 | AE24: 0 | AF24: 1.3.6.1.4.1.9328.50.4.19520 | AG24: 1.3.6.1.4.1.9328.50.4.18592 | AH24: 88.6 | AI24: 84.6 | AJ24: ct/0019_spine_ct.nii.gz | AK24: labels/0019_spine_label.nii.gz | AL24: qc/0019_spine_qc.png
A25: 7 | B25: supine | C25: 61 | D25: 60-69 | E25: male | H25: B30f | I25: SIEMENS | J25: Sensation 64 | K25: 1 | L25: 120 | M25: spine_only | N25: separate | O25: manual | Q25: normal | R25: 0 | S25: NORMAL | T25: NORMAL | U25: TRUE | V25: FALSE | W25: FALSE | X25: 5 | Y25: TRUE | Z25: TRUE | AB25: TRUE | AC25: 130657681 | AD25: 676463 | AE25: 0 | AF25: 1.3.6.1.4.1.9328.50.4.7198 | AG25: 1.3.6.1.4.1.9328.50.4.6651 | AH25: 59.2 | AI25: 54.9 | AJ25: ct/0007_spine_ct.nii.gz | AK25: labels/0007_spine_label.nii.gz | AL25: qc/0007_spine_qc.png
A26: 20 | B26: supine | C26: 54 | D26: 50-59 | E26: male | H26: FC13 | I26: TOSHIBA | J26: Aquilion | K26: 1 | L26: 120 | M26: pelvic_native | N26: separate | P26: manual | Q26: normal | R26: 0 | S26: NORMAL | T26: NORMAL | U26: TRUE | V26: FALSE | W26: FALSE | X26: 0 | Y26: TRUE | Z26: TRUE | AA26: 75.5 | AB26: TRUE | AC26: 151544676 | AD26: 2595996 | AE26: 0 | AF26: 1.3.6.1.4.1.9328.50.4.19969 | AG26: 1.3.6.1.4.1.9328.50.4.20549 | AH26: 73.7 | AI26: 72.3 | AJ26: ct/0020_pelvic_ct.nii.gz | AK26: labels/0020_pelvic_label.nii.gz | AL26: qc/0020_pelvic_qc.png
A27: 20 | B27: supine | C27: 54 | D27: 50-59 | E27: male | H27: FC13 | I27: TOSHIBA | J27: Aquilion | K27: 1 | L27: 120 | M27: spine_only | N27: separate | O27: manual | Q27: normal | R27: 0 | S27: NORMAL | T27: NORMAL | U27: TRUE | V27: FALSE | W27: FALSE | X27: 5 | Y27: TRUE | Z27: TRUE | AB27: TRUE | AC27: 150051970 | AD27: 942974 | AE27: 0 | AF27: 1.3.6.1.4.1.9328.50.4.19969 | AG27: 1.3.6.1.4.1.9328.50.4.20549 | AH27: 73.7 | AI27: 72.3 | AJ27: ct/0020_spine_ct.nii.gz | AK27: labels/0020_spine_label.nii.gz | AL27: qc/0020_spine_qc.png
A28: 24 | B28: supine | C28: 58 | D28: 50-59 | E28: female | H28: STANDARD | I28: GE MEDICAL SYSTEMS | J28: LightSpeed16 | K28: 1.25 | L28: 120 | M28: spine_only | N28: separate | O28: manual | Q28: normal | R28: 0 | S28: NORMAL | T28: NORMAL | U28: TRUE | V28: FALSE | W28: FALSE | X28: 5 | Y28: TRUE | Z28: TRUE | AB28: TRUE | AC28: 133908332 | AD28: 571540 | AE28: 0 | AF28: 1.3.6.1.4.1.9328.50.4.24902 | AG28: 1.3.6.1.4.1.9328.50.4.24418 | AH28: 65.5 | AI28: 65.8 | AJ28: ct/0024_spine_ct.nii.gz | AK28: labels/0024_spine_label.nii.gz | AL28: qc/0024_spine_qc.png
A29: 21 | B29: supine | C29: 51 | D29: 50-59 | E29: male | H29: STANDARD | I29: GE MEDICAL SYSTEMS | J29: LightSpeed16 | K29: 1.25 | L29: 120 | M29: pelvic_native | N29: separate | P29: manual | Q29: normal | R29: 0 | S29: NORMAL | T29: NORMAL | U29: TRUE | V29: FALSE | W29: FALSE | X29: 0 | Y29: TRUE | Z29: TRUE | AA29: 60.9 | AB29: TRUE | AC29: 159865893 | AD29: 1876955 | AE29: 0 | AF29: 1.3.6.1.4.1.9328.50.4.26707 | AG29: 1.3.6.1.4.1.9328.50.4.21481 | AH29: 56.7 | AI29: 56.1 | AJ29: ct/0021_pelvic_ct.nii.gz | AK29: labels/0021_pelvic_label.nii.gz | AL29: qc/0021_pelvic_qc.png
A30: 4 | B30: supine | C30: 51 | D30: 50-59 | E30: male | H30: B30f | I30: SIEMENS | J30: Sensation 64 | K30: 1 | L30: 120 | M30: spine_only | N30: separate | O30: manual | Q30: SACRALIZATION | R30: 3 | S30: SACRALIZATION | T30: LUMBARIZATION | U30: FALSE | V30: TRUE | W30: TRUE | X30: 6 | Y30: TRUE | Z30: TRUE | AB30: TRUE | AC30: 135592031 | AD30: 722849 | AE30: 0 | AF30: 1.3.6.1.4.1.9328.50.4.4371 | AG30: 1.3.6.1.4.1.9328.50.4.3828 | AH30: 52.1 | AI30: 51.7 | AJ30: ct/0004_spine_ct.nii.gz | AK30: labels/0004_spine_label.nii.gz | AL30: qc/0004_spine_qc.png
A31: 22 | B31: supine | C31: 50 | D31: 50-59 | E31: female | H31: STANDARD | I31: GE MEDICAL SYSTEMS | J31: LightSpeed16 | K31: 1.25 | L31: 120 | M31: pelvic_native | N31: pelvic_only | P31: manual | Q31: SEMI_SACRALIZATION | R31: 0 | S31: SEMI_SACRALIZATION | V31: FALSE | W31: FALSE | X31: 0 | Y31: TRUE | Z31: TRUE | AA31: 74.8 | AB31: TRUE | AC31: 145178047 | AD31: 1622593 | AE31: 0 | AG31: 1.3.6.1.4.1.9328.50.4.22612 | AI31: 72.6 | AJ31: ct/0022_pelvic_ct.nii.gz | AK31: labels/0022_pelvic_label.nii.gz | AL31: qc/0022_pelvic_qc.png
A32: 23 | B32: supine | C32: 52 | D32: 50-59 | E32: female | H32: STANDARD | I32: GE MEDICAL SYSTEMS | J32: LightSpeed16 | K32: 1.25 | L32: 120 | M32: pelvic_native | N32: separate | P32: manual | Q32: normal | R32: 0 | S32: NORMAL | T32: NORMAL | U32: TRUE | V32: FALSE | W32: FALSE | X32: 0 | Y32: TRUE | Z32: TRUE | AA32: 79.4 | AB32: TRUE | AC32: 155801875 | AD32: 1222381 | AE32: 0 | AF32: 1.3.6.1.4.1.9328.50.4.23833 | AG32: 1.3.6.1.4.1.9328.50.4.23196 | AH32: 86.7 | AI32: 76.8 | AJ32: ct/0023_pelvic_ct.nii.gz | AK32: labels/0023_pelvic_label.nii.gz | AL32: qc/0023_pelvic_qc.png
A33: 23 | B33: supine | C33: 52 | D33: 50-59 | E33: female | H33: STANDARD | I33: GE MEDICAL SYSTEMS | J33: LightSpeed16 | K33: 1.25 | L33: 120 | M33: spine_only | N33: separate | O33: manual | Q33: normal | R33: 0 | S33: NORMAL | T33: NORMAL | U33: TRUE | V33: FALSE | W33: FALSE | X33: 5 | Y33: TRUE | Z33: TRUE | AB33: TRUE | AC33: 150843955 | AD33: 413133 | AE33: 0 | AF33: 1.3.6.1.4.1.9328.50.4.23833 | AG33: 1.3.6.1.4.1.9328.50.4.23196 | AH33: 86.7 | AI33: 76.8 | AJ33: ct/0023_spine_ct.nii.gz | AK33: labels/0023_spine_label.nii.gz | AL33: qc/0023_spine_qc.png
A34: 24 | B34: supine | C34: 58 | D34: 50-59 | E34: female | H34: STANDARD | I34: GE MEDICAL SYSTEMS | J34: LightSpeed16 | K34: 1.25 | L34: 120 | M34: pelvic_native | N34: separate | P34: manual | Q34: normal | R34: 0 | S34: NORMAL | T34: NORMAL | U34: TRUE | V34: FALSE | W34: FALSE | X34: 0 | Y34: TRUE | Z34: TRUE | AA34: 70.2 | AB34: TRUE | AC34: 141988941 | AD34: 1665971 | AE34: 0 | AF34: 1.3.6.1.4.1.9328.50.4.24902 | AG34: 1.3.6.1.4.1.9328.50.4.24418 | AH34: 65.5 | AI34: 65.8 | AJ34: ct/0024_pelvic_ct.nii.gz | AK34: labels/0024_pelvic_label.nii.gz | AL34: qc/0024_pelvic_qc.png
A35: 10 | B35: supine | C35: 68 | D35: 60-69 | E35: male | H35: STANDARD | I35: GE MEDICAL SYSTEMS | J35: LightSpeed16 | K35: 1.25 | L35: 120 | M35: fused | N35: fused | O35: manual | P35: manual | Q35: normal | R35: 0 | S35: NORMAL | T35: NORMAL | U35: TRUE | V35: FALSE | W35: FALSE | X35: 5 | Y35: TRUE | Z35: TRUE | AA35: 57.9 | AB35: FALSE | AC35: 0 | AD35: 3863991 | AE35: 138480201 | AF35: 1.3.6.1.4.1.9328.50.4.9865 | AG35: 1.3.6.1.4.1.9328.50.4.9865 | AH35: 63 | AI35: 57.2 | AJ35: ct/0010_ct.nii.gz | AK35: labels/0010_label.nii.gz | AL35: qc/0010_qc.png
A36: 26 | B36: prone | C36: 51 | D36: 50-59 | E36: male | H36: STANDARD | I36: GE MEDICAL SYSTEMS | J36: LightSpeed16 | K36: 1.25 | L36: 120 | M36: spine_only | N36: separate | O36: manual | Q36: normal | R36: 0 | S36: NORMAL | T36: NORMAL | U36: TRUE | V36: FALSE | W36: FALSE | X36: 5 | Y36: TRUE | Z36: TRUE | AB36: TRUE | AC36: 147420177 | AD36: 691183 | AE36: 0 | AF36: 1.3.6.1.4.1.9328.50.4.27293 | AG36: 1.3.6.1.4.1.9328.50.4.27863 | AH36: 59.3 | AI36: 53.6 | AJ36: ct/0026_spine_ct.nii.gz | AK36: labels/0026_spine_label.nii.gz | AL36: qc/0026_spine_qc.png
A37: 8 | B37: supine | C37: 70 | D37: 70-79 | E37: male | H37: B30f | I37: SIEMENS | J37: Sensation 64 | K37: 1 | L37: 120 | M37: spine_only | N37: separate | O37: manual | Q37: normal | R37: 0 | S37: NORMAL | T37: NORMAL | U37: TRUE | V37: FALSE | W37: FALSE | X37: 5 | Y37: TRUE | Z37: TRUE | AB37: TRUE | AC37: 159327936 | AD37: 579904 | AE37: 0 | AF37: 1.3.6.1.4.1.9328.50.4.7889 | AG37: 1.3.6.1.4.1.9328.50.4.7701 | AH37: 56.5 | AI37: 58.3 | AJ37: ct/0008_spine_ct.nii.gz | AK37: labels/0008_spine_label.nii.gz | AL37: qc/0008_spine_qc.png
A38: 25 | B38: supine | C38: 62 | D38: 60-69 | E38: male | H38: STANDARD | I38: GE MEDICAL SYSTEMS | J38: LightSpeed16 | K38: 1.25 | L38: 120 | M38: fused | N38: fused | O38: manual | P38: manual | Q38: normal | R38: 0 | S38: NORMAL | T38: NORMAL | U38: TRUE | V38: FALSE | W38: FALSE | X38: 5 | Y38: TRUE | Z38: TRUE | AA38: 71 | AB38: FALSE | AC38: 0 | AD38: 2792305 | AE38: 155542671 | AF38: 1.3.6.1.4.1.9328.50.4.26036 | AG38: 1.3.6.1.4.1.9328.50.4.26036 | AH38: 77.2 | AI38: 70.1 | AJ38: ct/0025_ct.nii.gz | AK38: labels/0025_label.nii.gz | AL38: qc/0025_qc.png
A39: 21 | B39: supine | C39: 51 | D39: 50-59 | E39: male | H39: STANDARD | I39: GE MEDICAL SYSTEMS | J39: LightSpeed16 | K39: 1.25 | L39: 120 | M39: spine_only | N39: separate | O39: manual | Q39: normal | R39: 0 | S39: NORMAL | T39: NORMAL | U39: TRUE | V39: FALSE | W39: FALSE | X39: 5 | Y39: TRUE | Z39: TRUE | AB39: TRUE | AC39: 151346565 | AD39: 696955 | AE39: 0 | AF39: 1.3.6.1.4.1.9328.50.4.26707 | AG39: 1.3.6.1.4.1.9328.50.4.21481 | AH39: 56.7 | AI39: 56.1 | AJ39: ct/0021_spine_ct.nii.gz | AK39: labels/0021_spine_label.nii.gz | AL39: qc/0021_spine_qc.png
A40: 2 | B40: prone | C40: 60 | D40: 60-69 | E40: male | H40: B30f | I40: SIEMENS | J40: Sensation 64 | K40: 1 | L40: 120 | M40: fused | N40: fused | O40: manual | P40: manual | Q40: normal | R40: 0 | S40: NORMAL | T40: NORMAL | U40: TRUE | V40: FALSE | W40: FALSE | X40: 5 | Y40: TRUE | Z40: TRUE | AA40: 62.2 | AB40: FALSE | AC40: 0 | AD40: 3136130 | AE40: 163849598 | AF40: 1.3.6.1.4.1.9328.50.4.1241 | AG40: 1.3.6.1.4.1.9328.50.4.1241 | AH40: 64.5 | AI40: 60.7 | AJ40: ct/0002_ct.nii.gz | AK40: labels/0002_label.nii.gz | AL40: qc/0002_qc.png
A41: 27 | B41: supine | C41: 51 | D41: 50-59 | E41: male | H41: STANDARD | I41: GE MEDICAL SYSTEMS | J41: LightSpeed16 | K41: 1.25 | L41: 120 | M41: pelvic_native | N41: separate | P41: manual | Q41: normal | R41: 0 | S41: NORMAL | T41: NORMAL | U41: TRUE | V41: FALSE | W41: FALSE | X41: 0 | Y41: TRUE | Z41: TRUE | AA41: 86.5 | AB41: TRUE | AC41: 156233213 | AD41: 1053187 | AE41: 0 | AF41: 1.3.6.1.4.1.9328.50.4.28494 | AG41: 1.3.6.1.4.1.9328.50.4.63367 | AH41: 83.3 | AI41: 84.5 | AJ41: ct/0027_pelvic_ct.nii.gz | AK41: labels/0027_pelvic_label.nii.gz | AL41: qc/0027_pelvic_qc.png
A42: 28 | B42: supine | C42: 77 | D42: 70-79 | E42: male | H42: STANDARD | I42: GE MEDICAL SYSTEMS | J42: LightSpeed16 | K42: 1.25 | L42: 120 | M42: fused | N42: fused | O42: manual | P42: manual | Q42: normal | R42: 0 | S42: NORMAL | T42: NORMAL | U42: TRUE | V42: FALSE | W42: FALSE | X42: 5 | Y42: TRUE | Z42: TRUE | AA42: 68.8 | AB42: FALSE | AC42: 0 | AD42: 2462453 | AE42: 136211723 | AF42: 1.3.6.1.4.1.9328.50.4.29500 | AG42: 1.3.6.1.4.1.9328.50.4.29500 | AH42: 70.4 | AI42: 67.9 | AJ42: ct/0028_ct.nii.gz | AK42: labels/0028_label.nii.gz | AL42: qc/0028_qc.png
A43: 34 | B43: supine | C43: 53 | D43: 50-59 | E43: male | H43: STANDARD | I43: GE MEDICAL SYSTEMS | J43: LightSpeed Pro 16 | K43: 1.25 | L43: 120 | M43: pelvic_native | N43: separate | P43: manual | Q43: normal | R43: 0 | S43: NORMAL | T43: NORMAL | U43: TRUE | V43: FALSE | W43: FALSE | X43: 0 | Y43: TRUE | Z43: TRUE | AA43: 64.4 | AB43: TRUE | AC43: 135699405 | AD43: 2188339 | AE43: 0 | AF43: 1.3.6.1.4.1.9328.50.4.35354 | AG43: 1.3.6.1.4.1.9328.50.4.35872 | AH43: 66.8 | AI43: 62.3 | AJ43: ct/0034_pelvic_ct.nii.gz | AK43: labels/0034_pelvic_label.nii.gz | AL43: qc/0034_pelvic_qc.png
A44: 32 | B44: prone | C44: 59 | D44: 50-59 | E44: female | H44: STANDARD | I44: GE MEDICAL SYSTEMS | J44: LightSpeed16 | K44: 1.25 | L44: 120 | M44: fused | N44: fused | O44: manual | P44: manual | Q44: SACRALIZATION | R44: 3 | S44: SACRALIZATION | T44: NORMAL | U44: FALSE | V44: TRUE | W44: FALSE | X44: 5 | Y44: TRUE | Z44: TRUE | AA44: 82.8 | AB44: FALSE | AC44: 0 | AD44: 2174196 | AE44: 123654924 | AF44: 1.3.6.1.4.1.9328.50.4.33941 | AG44: 1.3.6.1.4.1.9328.50.4.33941 | AH44: 78.5 | AI44: 77.5 | AJ44: ct/0032_ct.nii.gz | AK44: labels/0032_label.nii.gz | AL44: qc/0032_qc.png
A45: 34 | B45: supine | C45: 53 | D45: 50-59 | E45: male | H45: STANDARD | I45: GE MEDICAL SYSTEMS | J45: LightSpeed Pro 16 | K45: 1.25 | L45: 120 | M45: spine_only | N45: separate | O45: manual | Q45: normal | R45: 0 | S45: NORMAL | T45: NORMAL | U45: TRUE | V45: FALSE | W45: FALSE | X45: 5 | Y45: TRUE | Z45: TRUE | AB45: TRUE | AC45: 133580111 | AD45: 899761 | AE45: 0 | AF45: 1.3.6.1.4.1.9328.50.4.35354 | AG45: 1.3.6.1.4.1.9328.50.4.35872 | AH45: 66.8 | AI45: 62.3 | AJ45: ct/0034_spine_ct.nii.gz | AK45: labels/0034_spine_label.nii.gz | AL45: qc/0034_spine_qc.png
A46: 29 | B46: prone | C46: 79 | D46: 70-79 | E46: male | H46: STANDARD | I46: GE MEDICAL SYSTEMS | J46: LightSpeed16 | K46: 1.25 | L46: 120 | M46: fused | N46: fused | O46: manual | P46: manual | Q46: normal | R46: 0 | S46: NORMAL | T46: NORMAL | U46: TRUE | V46: FALSE | W46: FALSE | X46: 5 | Y46: TRUE | Z46: TRUE | AA46: 63.2 | AB46: FALSE | AC46: 0 | AD46: 2545681 | AE46: 153954287 | AF46: 1.3.6.1.4.1.9328.50.4.30583 | AG46: 1.3.6.1.4.1.9328.50.4.30583 | AH46: 72.1 | AI46: 61.7 | AJ46: ct/0029_ct.nii.gz | AK46: labels/0029_label.nii.gz | AL46: qc/0029_qc.png
A47: 33 | B47: prone | C47: 61 | D47: 60-69 | E47: female | H47: STANDARD | I47: GE MEDICAL SYSTEMS | J47: LightSpeed16 | K47: 1.25 | L47: 120 | M47: fused | N47: fused | O47: manual | P47: manual | Q47: normal | R47: 0 | S47: NORMAL | T47: NORMAL | U47: TRUE | V47: FALSE | W47: FALSE | X47: 5 | Y47: TRUE | Z47: TRUE | AA47: 69.6 | AB47: FALSE | AC47: 0 | AD47: 2785661 | AE47: 119897731 | AF47: 1.3.6.1.4.1.9328.50.4.34880 | AG47: 1.3.6.1.4.1.9328.50.4.34880 | AH47: 70.6 | AI47: 66.5 | AJ47: ct/0033_ct.nii.gz | AK47: labels/0033_label.nii.gz | AL47: qc/0033_qc.png
A48: 37 | B48: supine | C48: 51 | D48: 50-59 | E48: female | H48: B30f | I48: SIEMENS | J48: Sensation 16 | K48: 1 | L48: 120 | M48: spine_only | N48: separate | O48: manual | Q48: normal | R48: 0 | S48: NORMAL | T48: NORMAL | U48: TRUE | V48: FALSE | W48: FALSE | X48: 5 | Y48: TRUE | Z48: TRUE | AB48: TRUE | AC48: 135490284 | AD48: 562452 | AE48: 0 | AF48: 1.3.6.1.4.1.9328.50.4.38989 | AG48: 1.3.6.1.4.1.9328.50.4.38968 | AH48: 56.2 | AI48: 58.7 | AJ48: ct/0037_spine_ct.nii.gz | AK48: labels/0037_spine_label.nii.gz | AL48: qc/0037_spine_qc.png
A49: 37 | B49: supine | C49: 51 | D49: 50-59 | E49: female | H49: B30f | I49: SIEMENS | J49: Sensation 16 | K49: 1 | L49: 120 | M49: pelvic_native | N49: separate | P49: manual | Q49: normal | R49: 0 | S49: NORMAL | T49: NORMAL | U49: TRUE | V49: FALSE | W49: FALSE | X49: 0 | Y49: TRUE | Z49: TRUE | AA49: 63.7 | AB49: TRUE | AC49: 136330609 | AD49: 1557135 | AE49: 0 | AF49: 1.3.6.1.4.1.9328.50.4.38989 | AG49: 1.3.6.1.4.1.9328.50.4.38968 | AH49: 56.2 | AI49: 58.7 | AJ49: ct/0037_pelvic_ct.nii.gz | AK49: labels/0037_pelvic_label.nii.gz | AL49: qc/0037_pelvic_qc.png
A50: 31 | B50: supine | C50: 54 | D50: 50-59 | E50: male | H50: STANDARD | I50: GE MEDICAL SYSTEMS | J50: LightSpeed16 | K50: 1.25 | L50: 120 | M50: spine_only | N50: separate | O50: manual | Q50: normal | R50: 0 | S50: NORMAL | T50: NORMAL | U50: TRUE | V50: FALSE | W50: FALSE | X50: 5 | Y50: TRUE | Z50: TRUE | AB50: TRUE | AC50: 139755902 | AD50: 753282 | AE50: 0 | AF50: 1.3.6.1.4.1.9328.50.4.32365 | AG50: 1.3.6.1.4.1.9328.50.4.32905 | AH50: 60.9 | AI50: 52.7 | AJ50: ct/0031_spine_ct.nii.gz | AK50: labels/0031_spine_label.nii.gz | AL50: qc/0031_spine_qc.png
A51: 35 | B51: supine | C51: 54 | D51: 50-59 | E51: male | H51: B30f | I51: SIEMENS | J51: Sensation 16 | K51: 1 | L51: 120 | M51: pelvic_native | N51: separate | P51: manual | Q51: normal | R51: 0 | S51: NORMAL | T51: NORMAL | U51: TRUE | V51: FALSE | W51: FALSE | X51: 0 | Y51: TRUE | Z51: TRUE | AA51: 71.4 | AB51: TRUE | AC51: 159044350 | AD51: 1912066 | AE51: 0 | AF51: 1.3.6.1.4.1.9328.50.4.37367 | AG51: 1.3.6.1.4.1.9328.50.4.36752 | AH51: 68.4 | AI51: 69.3 | AJ51: ct/0035_pelvic_ct.nii.gz | AK51: labels/0035_pelvic_label.nii.gz | AL51: qc/0035_pelvic_qc.png
A52: 36 | B52: prone | C52: 69 | D52: 60-69 | E52: female | H52: B30f | I52: SIEMENS | J52: Sensation 16 | K52: 1 | L52: 120 | M52: fused | N52: fused | O52: manual | P52: manual | Q52: normal | R52: 0 | S52: NORMAL | T52: NORMAL | U52: TRUE | V52: FALSE | W52: FALSE | X52: 5 | Y52: TRUE | Z52: TRUE | AA52: 71.5 | AB52: FALSE | AC52: 0 | AD52: 2098144 | AE52: 134478880 | AF52: 1.3.6.1.4.1.9328.50.4.37937 | AG52: 1.3.6.1.4.1.9328.50.4.37937 | AH52: 66.3 | AI52: 68.3 | AJ52: ct/0036_ct.nii.gz | AK52: labels/0036_label.nii.gz | AL52: qc/0036_qc.png
A53: 30 | B53: supine | C53: 70 | D53: 70-79 | E53: male | H53: STANDARD | I53: GE MEDICAL SYSTEMS | J53: LightSpeed16 | K53: 1.25 | L53: 120 | M53: pelvic_native | N53: separate | P53: manual | Q53: normal | R53: 0 | S53: NORMAL | T53: NORMAL | U53: TRUE | V53: FALSE | W53: FALSE | X53: 0 | Y53: TRUE | Z53: TRUE | AA53: 75.5 | AB53: TRUE | AC53: 155606245 | AD53: 1942299 | AE53: 0 | AF53: 1.3.6.1.4.1.9328.50.4.31186 | AG53: 1.3.6.1.4.1.9328.50.4.31759 | AH53: 72 | AI53: 73.1 | AJ53: ct/0030_pelvic_ct.nii.gz | AK53: labels/0030_pelvic_label.nii.gz | AL53: qc/0030_pelvic_qc.png
A54: 39 | B54: prone | C54: 57 | D54: 50-59 | E54: female | H54: B30f | I54: SIEMENS | J54: Sensation 16 | K54: 1 | L54: 120 | M54: fused | N54: fused | O54: manual | P54: manual | Q54: normal | R54: 0 | S54: NORMAL | T54: NORMAL | U54: TRUE | V54: FALSE | W54: FALSE | X54: 5 | Y54: TRUE | Z54: TRUE | AA54: 88 | AB54: FALSE | AC54: 0 | AD54: 1959522 | AE54: 151656862 | AF54: 1.3.6.1.4.1.9328.50.4.41284 | AG54: 1.3.6.1.4.1.9328.50.4.41284 | AH54: 83.8 | AI54: 83.3 | AJ54: ct/0039_ct.nii.gz | AK54: labels/0039_label.nii.gz | AL54: qc/0039_qc.png
A55: 38 | B55: prone | C55: 60 | D55: 60-69 | E55: female | H55: B30f | I55: SIEMENS | J55: Sensation 16 | K55: 1 | L55: 120 | M55: fused | N55: fused | O55: manual | P55: manual | Q55: normal | R55: 0 | S55: NORMAL | T55: NORMAL | U55: TRUE | V55: FALSE | W55: FALSE | X55: 5 | Y55: TRUE | Z55: TRUE | AA55: 56.9 | AB55: FALSE | AC55: 0 | AD55: 2589633 | AE55: 163609663 | AF55: 1.3.6.1.4.1.9328.50.4.40022 | AG55: 1.3.6.1.4.1.9328.50.4.40022 | AH55: 56.8 | AI55: 54.5 | AJ55: ct/0038_ct.nii.gz | AK55: labels/0038_label.nii.gz | AL55: qc/0038_qc.png
A56: 27 | B56: supine | C56: 51 | D56: 50-59 | E56: male | H56: STANDARD | I56: GE MEDICAL SYSTEMS | J56: LightSpeed16 | K56: 1.25 | L56: 120 | M56: spine_only | N56: separate | O56: manual | Q56: normal | R56: 0 | S56: NORMAL | T56: NORMAL | U56: TRUE | V56: FALSE | W56: FALSE | X56: 5 | Y56: TRUE | Z56: TRUE | AB56: TRUE | AC56: 140046241 | AD56: 462943 | AE56: 0 | AF56: 1.3.6.1.4.1.9328.50.4.28494 | AG56: 1.3.6.1.4.1.9328.50.4.63367 | AH56: 83.3 | AI56: 84.5 | AJ56: ct/0027_spine_ct.nii.gz | AK56: labels/0027_spine_label.nii.gz | AL56: qc/0027_spine_qc.png
A57: 26 | B57: prone | C57: 51 | D57: 50-59 | E57: male | H57: STANDARD | I57: GE MEDICAL SYSTEMS | J57: LightSpeed16 | K57: 1.25 | L57: 120 | M57: pelvic_native | N57: separate | P57: manual | Q57: normal | R57: 0 | S57: NORMAL | T57: NORMAL | U57: TRUE | V57: FALSE | W57: FALSE | X57: 0 | Y57: TRUE | Z57: TRUE | AA57: 53.2 | AB57: TRUE | AC57: 162585201 | AD57: 2303375 | AE57: 0 | AF57: 1.3.6.1.4.1.9328.50.4.27293 | AG57: 1.3.6.1.4.1.9328.50.4.27863 | AH57: 59.3 | AI57: 53.6 | AJ57: ct/0026_pelvic_ct.nii.gz | AK57: labels/0026_pelvic_label.nii.gz | AL57: qc/0026_pelvic_qc.png
A58: 41 | B58: prone | C58: 63 | D58: 60-69 | E58: female | H58: B30f | I58: SIEMENS | J58: Sensation 16 | K58: 1 | L58: 120 | M58: fused | N58: fused | O58: manual | P58: manual | Q58: normal | R58: 0 | S58: NORMAL | T58: NORMAL | U58: TRUE | V58: FALSE | W58: FALSE | X58: 5 | Y58: TRUE | Z58: TRUE | AA58: 71.5 | AB58: FALSE | AC58: 0 | AD58: 2874253 | AE58: 143402099 | AF58: 1.3.6.1.4.1.9328.50.4.43505 | AG58: 1.3.6.1.4.1.9328.50.4.43505 | AH58: 69.8 | AI58: 68.4 | AJ58: ct/0041_ct.nii.gz | AK58: labels/0041_label.nii.gz | AL58: qc/0041_qc.png
A59: 31 | B59: supine | C59: 54 | D59: 50-59 | E59: male | H59: STANDARD | I59: GE MEDICAL SYSTEMS | J59: LightSpeed16 | K59: 1.25 | L59: 120 | M59: pelvic_native | N59: separate | P59: manual | Q59: normal | R59: 0 | S59: NORMAL | T59: NORMAL | U59: TRUE | V59: FALSE | W59: FALSE | X59: 0 | Y59: TRUE | Z59: TRUE | AA59: 53.6 | AB59: TRUE | AC59: 143864818 | AD59: 2149390 | AE59: 0 | AF59: 1.3.6.1.4.1.9328.50.4.32365 | AG59: 1.3.6.1.4.1.9328.50.4.32905 | AH59: 60.9 | AI59: 52.7 | AJ59: ct/0031_pelvic_ct.nii.gz | AK59: labels/0031_pelvic_label.nii.gz | AL59: qc/0031_pelvic_qc.png
A60: 30 | B60: supine | C60: 70 | D60: 70-79 | E60: male | H60: STANDARD | I60: GE MEDICAL SYSTEMS | J60: LightSpeed16 | K60: 1.25 | L60: 120 | M60: spine_only | N60: separate | O60: manual | Q60: normal | R60: 0 | S60: NORMAL | T60: NORMAL | U60: TRUE | V60: FALSE | W60: FALSE | X60: 5 | Y60: TRUE | Z60: TRUE | AB60: TRUE | AC60: 148201534 | AD60: 696258 | AE60: 0 | AF60: 1.3.6.1.4.1.9328.50.4.31186 | AG60: 1.3.6.1.4.1.9328.50.4.31759 | AH60: 72 | AI60: 73.1 | AJ60: ct/0030_spine_ct.nii.gz | AK60: labels/0030_spine_label.nii.gz | AL60: qc/0030_spine_qc.png
A61: 45 | B61: supine | C61: 55 | D61: 50-59 | E61: female | H61: B30f | I61: SIEMENS | J61: Sensation 16 | K61: 1 | L61: 120 | M61: fused | N61: fused | O61: manual | P61: manual | Q61: normal | R61: 0 | S61: NORMAL | T61: NORMAL | U61: TRUE | V61: FALSE | W61: FALSE | X61: 5 | Y61: TRUE | Z61: TRUE | AA61: 62.9 | AB61: FALSE | AC61: 0 | AD61: 2816170 | AE61: 115935062 | AF61: 1.3.6.1.4.1.9328.50.4.47843 | AG61: 1.3.6.1.4.1.9328.50.4.47843 | AH61: 71.2 | AI61: 62.4 | AJ61: ct/0045_ct.nii.gz | AK61: labels/0045_label.nii.gz | AL61: qc/0045_qc.png
A62: 44 | B62: supine | C62: 72 | D62: 70-79 | E62: female | H62: B30f | I62: SIEMENS | J62: Sensation 16 | K62: 1 | L62: 120 | M62: pelvic_native | N62: separate | P62: manual | Q62: normal | R62: 0 | S62: NORMAL | T62: NORMAL | U62: TRUE | V62: FALSE | W62: FALSE | X62: 0 | Y62: TRUE | Z62: TRUE | AA62: 73.7 | AB62: TRUE | AC62: 154208196 | AD62: 1767484 | AE62: 0 | AF62: 1.3.6.1.4.1.9328.50.4.47298 | AG62: 1.3.6.1.4.1.9328.50.4.46700 | AH62: 61 | AI62: 69.3 | AJ62: ct/0044_pelvic_ct.nii.gz | AK62: labels/0044_pelvic_label.nii.gz | AL62: qc/0044_pelvic_qc.png
A63: 44 | B63: supine | C63: 72 | D63: 70-79 | E63: female | H63: B30f | I63: SIEMENS | J63: Sensation 16 | K63: 1 | L63: 120 | M63: spine_only | N63: separate | O63: manual | Q63: normal | R63: 0 | S63: NORMAL | T63: NORMAL | U63: TRUE | V63: FALSE | W63: FALSE | X63: 5 | Y63: TRUE | Z63: TRUE | AB63: TRUE | AC63: 139802420 | AD63: 706764 | AE63: 0 | AF63: 1.3.6.1.4.1.9328.50.4.47298 | AG63: 1.3.6.1.4.1.9328.50.4.46700 | AH63: 61 | AI63: 69.3 | AJ63: ct/0044_spine_ct.nii.gz | AK63: labels/0044_spine_label.nii.gz | AL63: qc/0044_spine_qc.png
A64: 43 | B64: supine | C64: 55 | D64: 50-59 | E64: female | H64: B30f | I64: SIEMENS | J64: Sensation 16 | K64: 1 | L64: 120 | M64: fused | N64: fused | O64: manual | P64: manual | Q64: normal | R64: 0 | S64: NORMAL | T64: NORMAL | U64: TRUE | V64: FALSE | W64: FALSE | X64: 5 | Y64: TRUE | Z64: TRUE | AA64: 73.1 | AB64: FALSE | AC64: 0 | AD64: 2172465 | AE64: 144366031 | AF64: 1.3.6.1.4.1.9328.50.4.46138 | AG64: 1.3.6.1.4.1.9328.50.4.46138 | AH64: 66.9 | AI64: 69.3 | AJ64: ct/0043_ct.nii.gz | AK64: labels/0043_label.nii.gz | AL64: qc/0043_qc.png
A65: 46 | B65: supine | C65: 62 | D65: 60-69 | E65: male | H65: B30f | I65: SIEMENS | J65: Sensation 16 | K65: 1 | L65: 120 | M65: pelvic_native | N65: pelvic_only | P65: manual | Q65: normal | R65: 0 | S65: NORMAL | V65: FALSE | W65: FALSE | X65: 0 | Y65: TRUE | Z65: TRUE | AA65: 68.7 | AB65: TRUE | AC65: 149170448 | AD65: 2086640 | AE65: 0 | AG65: 1.3.6.1.4.1.9328.50.4.48748 | AI65: 65.7 | AJ65: ct/0046_pelvic_ct.nii.gz | AK65: labels/0046_pelvic_label.nii.gz | AL65: qc/0046_pelvic_qc.png
A66: 48 | B66: prone | C66: 54 | D66: 50-59 | E66: female | H66: B30f | I66: SIEMENS | J66: Sensation 16 | K66: 1 | L66: 120 | M66: spine_only | N66: separate | O66: manual | Q66: normal | R66: 0 | S66: NORMAL | T66: NORMAL | U66: TRUE | V66: FALSE | W66: FALSE | X66: 5 | Y66: TRUE | Z66: TRUE | AB66: TRUE | AC66: 144602151 | AD66: 625625 | AE66: 0 | AF66: 1.3.6.1.4.1.9328.50.4.50995 | AG66: 1.3.6.1.4.1.9328.50.4.50974 | AH66: 75.7 | AI66: 68.5 | AJ66: ct/0048_spine_ct.nii.gz | AK66: labels/0048_spine_label.nii.gz | AL66: qc/0048_spine_qc.png
A67: 48 | B67: prone | C67: 54 | D67: 50-59 | E67: female | H67: B30f | I67: SIEMENS | J67: Sensation 16 | K67: 1 | L67: 120 | M67: pelvic_native | N67: separate | P67: manual | Q67: normal | R67: 0 | S67: NORMAL | T67: NORMAL | U67: TRUE | V67: FALSE | W67: FALSE | X67: 0 | Y67: TRUE | Z67: TRUE | AA67: 71.1 | AB67: TRUE | AC67: 157111572 | AD67: 1747692 | AE67: 0 | AF67: 1.3.6.1.4.1.9328.50.4.50995 | AG67: 1.3.6.1.4.1.9328.50.4.50974 | AH67: 75.7 | AI67: 68.5 | AJ67: ct/0048_pelvic_ct.nii.gz | AK67: labels/0048_pelvic_label.nii.gz | AL67: qc/0048_pelvic_qc.png
A68: 47 | B68: prone | C68: 57 | D68: 50-59 | E68: female | H68: B30f | I68: SIEMENS | J68: Sensation 16 | K68: 1 | L68: 120 | M68: fused | N68: fused | O68: manual | P68: manual | Q68: normal | R68: 0 | S68: NORMAL | T68: NORMAL | U68: TRUE | V68: FALSE | W68: FALSE | X68: 5 | Y68: TRUE | Z68: TRUE | AA68: 70.2 | AB68: FALSE | AC68: 0 | AD68: 2374737 | AE68: 138396591 | AF68: 1.3.6.1.4.1.9328.50.4.49915 | AG68: 1.3.6.1.4.1.9328.50.4.49915 | AH68: 60.7 | AI68: 66.2 | AJ68: ct/0047_ct.nii.gz | AK68: labels/0047_label.nii.gz | AL68: qc/0047_qc.png
A69: 35 | B69: supine | C69: 54 | D69: 50-59 | E69: male | H69: B30f | I69: SIEMENS | J69: Sensation 16 | K69: 1 | L69: 120 | M69: spine_only | N69: separate | O69: manual | Q69: normal | R69: 0 | S69: NORMAL | T69: NORMAL | U69: TRUE | V69: FALSE | W69: FALSE | X69: 5 | Y69: TRUE | Z69: TRUE | AB69: TRUE | AC69: 146612236 | AD69: 712692 | AE69: 0 | AF69: 1.3.6.1.4.1.9328.50.4.37367 | AG69: 1.3.6.1.4.1.9328.50.4.36752 | AH69: 68.4 | AI69: 69.3 | AJ69: ct/0035_spine_ct.nii.gz | AK69: labels/0035_spine_label.nii.gz | AL69: qc/0035_spine_qc.png
A70: 42 | B70: prone | C70: 52 | D70: 50-59 | E70: female | H70: B30f | I70: SIEMENS | J70: Sensation 16 | K70: 1 | L70: 120 | M70: pelvic_native | N70: separate | P70: manual | Q70: normal | R70: 0 | S70: NORMAL | T70: NORMAL | U70: TRUE | V70: FALSE | W70: FALSE | X70: 0 | Y70: TRUE | Z70: TRUE | AA70: 72.3 | AB70: TRUE | AC70: 130123755 | AD70: 3045397 | AE70: 0 | AF70: 1.3.6.1.4.1.9328.50.4.45099 | AG70: 1.3.6.1.4.1.9328.50.4.44589 | AH70: 68.9 | AI70: 66.9 | AJ70: ct/0042_pelvic_ct.nii.gz | AK70: labels/0042_pelvic_label.nii.gz | AL70: qc/0042_pelvic_qc.png
A71: 49 | B71: prone | E71: male | H71: B30f | I71: SIEMENS | J71: Sensation 16 | K71: 1 | L71: 120 | M71: fused | N71: fused | O71: manual | P71: manual | Q71: normal | R71: 0 | S71: NORMAL | T71: NORMAL | U71: TRUE | V71: FALSE | W71: FALSE | X71: 5 | Y71: TRUE | Z71: TRUE | AA71: 74.4 | AB71: FALSE | AC71: 0 | AD71: 2221647 | AE71: 159521201 | AF71: 1.3.6.1.4.1.9328.50.4.52724 | AG71: 1.3.6.1.4.1.9328.50.4.52724 | AH71: 70.8 | AI71: 71.4 | AJ71: ct/0049_ct.nii.gz | AK71: labels/0049_label.nii.gz | AL71: qc/0049_qc.png
A72: 42 | B72: prone | C72: 52 | D72: 50-59 | E72: female | H72: B30f | I72: SIEMENS | J72: Sensation 16 | K72: 1 | L72: 120 | M72: spine_only | N72: separate | O72: manual | Q72: normal | R72: 0 | S72: NORMAL | T72: NORMAL | U72: TRUE | V72: FALSE | W72: FALSE | X72: 5 | Y72: TRUE | Z72: TRUE | AB72: TRUE | AC72: 130314529 | AD72: 1019615 | AE72: 0 | AF72: 1.3.6.1.4.1.9328.50.4.45099 | AG72: 1.3.6.1.4.1.9328.50.4.44589 | AH72: 68.9 | AI72: 66.9 | AJ72: ct/0042_spine_ct.nii.gz | AK72: labels/0042_spine_label.nii.gz | AL72: qc/0042_spine_qc.png
A73: 51 | B73: supine | E73: male | H73: B30f | I73: SIEMENS | J73: Sensation 16 | K73: 1 | L73: 120 | M73: fused | N73: fused | O73: manual | P73: manual | Q73: normal | R73: 0 | S73: NORMAL | T73: NORMAL | U73: TRUE | V73: FALSE | W73: FALSE | X73: 5 | Y73: TRUE | Z73: TRUE | AA73: 63.6 | AB73: FALSE | AC73: 0 | AD73: 2463348 | AE73: 155609484 | AF73: 1.3.6.1.4.1.9328.50.4.54488 | AG73: 1.3.6.1.4.1.9328.50.4.54488 | AH73: 64.1 | AI73: 60.2 | AJ73: ct/0051_ct.nii.gz | AK73: labels/0051_label.nii.gz | AL73: qc/0051_qc.png
A74: 54 | B74: supine | E74: male | H74: B30f | I74: SIEMENS | J74: Sensation 16 | K74: 1 | L74: 120 | M74: spine_only | N74: separate | O74: manual | Q74: normal | R74: 0 | S74: NORMAL | T74: NORMAL | U74: TRUE | V74: FALSE | W74: FALSE | X74: 5 | Y74: TRUE | Z74: TRUE | AB74: TRUE | AC74: 151273344 | AD74: 508032 | AE74: 0 | AF74: 1.3.6.1.4.1.9328.50.4.58119 | AG74: 1.3.6.1.4.1.9328.50.4.58699 | AH74: 72.6 | AI74: 64.6 | AJ74: ct/0054_spine_ct.nii.gz | AK74: labels/0054_spine_label.nii.gz | AL74: qc/0054_spine_qc.png
A75: 52 | B75: supine | E75: male | H75: B30f | I75: SIEMENS | J75: Sensation 16 | K75: 1 | L75: 120 | M75: fused | N75: fused | O75: manual | P75: manual | Q75: normal | R75: 0 | S75: NORMAL | T75: NORMAL | U75: TRUE | V75: FALSE | W75: FALSE | X75: 5 | Y75: TRUE | Z75: TRUE | AA75: 71.1 | AB75: FALSE | AC75: 0 | AD75: 2134185 | AE75: 163540823 | AF75: 1.3.6.1.4.1.9328.50.4.55692 | AG75: 1.3.6.1.4.1.9328.50.4.55692 | AH75: 60.8 | AI75: 67.8 | AJ75: ct/0052_ct.nii.gz | AK75: labels/0052_label.nii.gz | AL75: qc/0052_qc.png
A76: 40 | B76: prone | C76: 71 | D76: 70-79 | E76: male | H76: B30f | I76: SIEMENS | J76: Sensation 16 | K76: 1 | L76: 120 | M76: fused | N76: fused | O76: manual | P76: manual | Q76: normal | R76: 0 | S76: NORMAL | T76: NORMAL | U76: TRUE | V76: FALSE | W76: FALSE | X76: 5 | Y76: TRUE | Z76: TRUE | AA76: 60.3 | AB76: FALSE | AC76: 0 | AD76: 2707490 | AE76: 149860318 | AF76: 1.3.6.1.4.1.9328.50.4.42920 | AG76: 1.3.6.1.4.1.9328.50.4.42920 | AH76: 64.3 | AI76: 60.4 | AJ76: ct/0040_ct.nii.gz | AK76: labels/0040_label.nii.gz | AL76: qc/0040_qc.png
A77: 54 | B77: supine | E77: male | H77: B30f | I77: SIEMENS | J77: Sensation 16 | K77: 1 | L77: 120 | M77: pelvic_native | N77: separate | P77: manual | Q77: normal | R77: 0 | S77: NORMAL | T77: NORMAL | U77: TRUE | V77: FALSE | W77: FALSE | X77: 0 | Y77: TRUE | Z77: TRUE | AA77: 63.7 | AB77: TRUE | AC77: 171582792 | AD77: 1432248 | AE77: 0 | AF77: 1.3.6.1.4.1.9328.50.4.58119 | AG77: 1.3.6.1.4.1.9328.50.4.58699 | AH77: 72.6 | AI77: 64.6 | AJ77: ct/0054_pelvic_ct.nii.gz | AK77: labels/0054_pelvic_label.nii.gz | AL77: qc/0054_pelvic_qc.png
A78: 53 | B78: prone | E78: male | H78: B30f | I78: SIEMENS | J78: Sensation 16 | K78: 1 | L78: 120 | M78: fused | N78: fused | O78: manual | P78: manual | Q78: normal | R78: 0 | S78: NORMAL | T78: NORMAL | U78: TRUE | V78: FALSE | W78: FALSE | X78: 5 | Y78: TRUE | Z78: TRUE | AA78: 62.7 | AB78: FALSE | AC78: 0 | AD78: 2730055 | AE78: 152983481 | AF78: 1.3.6.1.4.1.9328.50.4.57517 | AG78: 1.3.6.1.4.1.9328.50.4.57517 | AH78: 64.9 | AI78: 60.3 | AJ78: ct/0053_ct.nii.gz | AK78: labels/0053_label.nii.gz | AL78: qc/0053_qc.png
A79: 56 | B79: supine | E79: female | H79: B30f | I79: SIEMENS | J79: Sensation 16 | K79: 1 | L79: 120 | M79: spine_only | N79: separate | O79: manual | Q79: normal | R79: 0 | S79: NORMAL | T79: NORMAL | U79: TRUE | V79: FALSE | W79: FALSE | X79: 5 | Y79: TRUE | Z79: TRUE | AB79: TRUE | AC79: 153080973 | AD79: 535411 | AE79: 0 | AF79: 1.3.6.1.4.1.9328.50.4.60468 | AG79: 1.3.6.1.4.1.9328.50.4.61055 | AH79: 75.1 | AI79: 67.4 | AJ79: ct/0056_spine_ct.nii.gz | AK79: labels/0056_spine_label.nii.gz | AL79: qc/0056_spine_qc.png
A80: 57 | B80: prone | E80: female | H80: B30f | I80: SIEMENS | J80: Sensation 16 | K80: 1 | L80: 120 | M80: pelvic_native | N80: separate | P80: manual | Q80: normal | R80: 0 | S80: NORMAL | T80: NORMAL | U80: TRUE | V80: FALSE | W80: FALSE | X80: 0 | Y80: TRUE | Z80: TRUE | AA80: 88.8 | AB80: TRUE | AC80: 146126827 | AD80: 1460245 | AE80: 0 | AF80: 1.3.6.1.4.1.9328.50.4.62231 | AG80: 1.3.6.1.4.1.9328.50.4.61667 | AH80: 83.5 | AI80: 81.8 | AJ80: ct/0057_pelvic_ct.nii.gz | AK80: labels/0057_pelvic_label.nii.gz | AL80: qc/0057_pelvic_qc.png
A81: 61 | B81: supine | E81: female | H81: B30f | I81: SIEMENS | J81: Sensation 16 | K81: 1 | L81: 120 | M81: pelvic_native | N81: pelvic_only | P81: manual | Q81: normal | R81: 0 | S81: NORMAL | V81: FALSE | W81: FALSE | X81: 0 | Y81: TRUE | Z81: TRUE | AA81: 69 | AB81: TRUE | AC81: 144234419 | AD81: 1517645 | AE81: 0 | AG81: 1.3.6.1.4.1.9328.50.4.66403 | AI81: 59.7 | AJ81: ct/0061_pelvic_ct.nii.gz | AK81: labels/0061_pelvic_label.nii.gz | AL81: qc/0061_pelvic_qc.png
A82: 59 | B82: supine | C82: 64 | D82: 60-69 | E82: male | H82: B30f | I82: SIEMENS | J82: Sensation 16 | K82: 1 | L82: 140 | M82: spine_only | N82: separate | O82: manual | Q82: normal | R82: 0 | S82: NORMAL | T82: NORMAL | U82: TRUE | V82: FALSE | W82: FALSE | X82: 5 | Y82: TRUE | Z82: TRUE | AB82: TRUE | AC82: 145173123 | AD82: 578941 | AE82: 0 | AF82: 1.3.6.1.4.1.9328.50.4.64069 | AG82: 1.3.6.1.4.1.9328.50.4.64048 | AH82: 70.8 | AI82: 74.4 | AJ82: ct/0059_spine_ct.nii.gz | AK82: labels/0059_spine_label.nii.gz | AL82: qc/0059_spine_qc.png
A83: 59 | B83: supine | C83: 64 | D83: 60-69 | E83: male | H83: B30f | I83: SIEMENS | J83: Sensation 16 | K83: 1 | L83: 140 | M83: pelvic_native | N83: separate | P83: manual | Q83: normal | R83: 0 | S83: NORMAL | T83: NORMAL | U83: TRUE | V83: FALSE | W83: FALSE | X83: 0 | Y83: TRUE | Z83: TRUE | AA83: 78.4 | AB83: TRUE | AC83: 159116751 | AD83: 1577521 | AE83: 0 | AF83: 1.3.6.1.4.1.9328.50.4.64069 | AG83: 1.3.6.1.4.1.9328.50.4.64048 | AH83: 70.8 | AI83: 74.4 | AJ83: ct/0059_pelvic_ct.nii.gz | AK83: labels/0059_pelvic_label.nii.gz | AL83: qc/0059_pelvic_qc.png
A84: 60 | B84: supine | E84: male | H84: B30f | I84: SIEMENS | J84: Sensation 16 | K84: 1 | L84: 120 | M84: spine_only | N84: separate | O84: manual | Q84: normal | R84: 0 | S84: NORMAL | T84: NORMAL | U84: TRUE | V84: FALSE | W84: FALSE | X84: 5 | Y84: TRUE | Z84: TRUE | AB84: TRUE | AC84: 147660907 | AD84: 712597 | AE84: 0 | AF84: 1.3.6.1.4.1.9328.50.4.65220 | AG84: 1.3.6.1.4.1.9328.50.4.65788 | AH84: 61.3 | AI84: 62.5 | AJ84: ct/0060_spine_ct.nii.gz | AK84: labels/0060_spine_label.nii.gz | AL84: qc/0060_spine_qc.png
A85: 58 | B85: prone | C85: 53 | D85: 50-59 | E85: female | H85: B30f | I85: SIEMENS | J85: Sensation 64 | K85: 1 | L85: 120 | M85: fused | N85: fused | O85: manual | P85: manual | Q85: normal | R85: 0 | S85: NORMAL | T85: NORMAL | U85: TRUE | V85: FALSE | W85: FALSE | X85: 5 | Y85: TRUE | Z85: TRUE | AA85: 67.9 | AB85: FALSE | AC85: 0 | AD85: 2512943 | AE85: 141928401 | AF85: 1.3.6.1.4.1.9328.50.4.63276 | AG85: 1.3.6.1.4.1.9328.50.4.63276 | AH85: 52.4 | AI85: 62.3 | AJ85: ct/0058_ct.nii.gz | AK85: labels/0058_label.nii.gz | AL85: qc/0058_qc.png
A86: 60 | B86: supine | E86: male | H86: B30f | I86: SIEMENS | J86: Sensation 16 | K86: 1 | L86: 120 | M86: pelvic_native | N86: separate | P86: manual | Q86: normal | R86: 0 | S86: NORMAL | T86: NORMAL | U86: TRUE | V86: FALSE | W86: FALSE | X86: 0 | Y86: TRUE | Z86: TRUE | AA86: 64.8 | AB86: TRUE | AC86: 156605633 | AD86: 2253631 | AE86: 0 | AF86: 1.3.6.1.4.1.9328.50.4.65220 | AG86: 1.3.6.1.4.1.9328.50.4.65788 | AH86: 61.3 | AI86: 62.5 | AJ86: ct/0060_pelvic_ct.nii.gz | AK86: labels/0060_pelvic_label.nii.gz | AL86: qc/0060_pelvic_qc.png
A87: 64 | B87: prone | C87: 89 | D87: 80-89 | H87: B30f | I87: SIEMENS | J87: Sensation 64 | K87: 1 | L87: 120 | M87: spine_only | N87: spine_only | O87: manual | Q87: SACRALIZATION | R87: 3 | T87: SACRALIZATION | V87: FALSE | W87: FALSE | X87: 4 | Y87: TRUE | Z87: TRUE | AB87: TRUE | AC87: 132006628 | AD87: 900380 | AE87: 0 | AF87: 1.3.6.1.4.1.9328.50.4.70655 | AH87: 55.3 | AJ87: ct/0064_spine_ct.nii.gz | AK87: labels/0064_spine_label.nii.gz | AL87: qc/0064_spine_qc.png
A88: 69 | B88: prone | C88: 72 | D88: 70-79 | E88: female | H88: B30f | I88: SIEMENS | J88: Sensation 64 | K88: 1 | L88: 120 | M88: spine_only | N88: spine_only | O88: manual | Q88: normal | R88: 0 | T88: NORMAL | V88: FALSE | W88: FALSE | X88: 5 | Y88: TRUE | Z88: TRUE | AB88: TRUE | AC88: 130611600 | AD88: 722544 | AE88: 0 | AF88: 1.3.6.1.4.1.9328.50.4.75905 | AH88: 49.2 | AJ88: ct/0069_spine_ct.nii.gz | AK88: labels/0069_spine_label.nii.gz | AL88: qc/0069_spine_qc.png
A89: 67 | B89: supine | C89: 89 | D89: 80-89 | H89: B30f | I89: SIEMENS | J89: Sensation 64 | K89: 1 | L89: 120 | M89: pelvic_native | N89: separate | P89: manual | Q89: SACRALIZATION | R89: 3 | S89: SACRALIZATION | T89: LUMBARIZATION | U89: FALSE | V89: TRUE | W89: FALSE | X89: 0 | Y89: TRUE | Z89: TRUE | AA89: 62.9 | AB89: TRUE | AC89: 144458582 | AD89: 2342058 | AE89: 0 | AF89: 1.3.6.1.4.1.9328.50.4.73318 | AG89: 1.3.6.1.4.1.9328.50.4.73878 | AH89: 52.9 | AI89: 58.3 | AJ89: ct/0067_pelvic_ct.nii.gz | AK89: labels/0067_pelvic_label.nii.gz | AL89: qc/0067_pelvic_qc.png
A90: 50 | B90: prone | E90: male | H90: B30f | I90: SIEMENS | J90: Sensation 16 | K90: 1 | L90: 120 | M90: fused | N90: fused | O90: manual | P90: manual | Q90: normal | R90: 0 | S90: NORMAL | T90: NORMAL | U90: TRUE | V90: FALSE | W90: FALSE | X90: 5 | Y90: TRUE | Z90: TRUE | AA90: 58.7 | AB90: FALSE | AC90: 0 | AD90: 3004789 | AE90: 149825163 | AF90: 1.3.6.1.4.1.9328.50.4.53895 | AG90: 1.3.6.1.4.1.9328.50.4.53895 | AH90: 64.9 | AI90: 59.2 | AJ90: ct/0050_ct.nii.gz | AK90: labels/0050_label.nii.gz | AL90: qc/0050_qc.png
A91: 66 | B91: supine | C91: 89 | D91: 80-89 | H91: B30f | I91: SIEMENS | J91: Sensation 64 | K91: 1 | L91: 120 | M91: fused | N91: fused | O91: manual | P91: manual | Q91: normal | R91: 0 | S91: NORMAL | T91: NORMAL | U91: TRUE | V91: FALSE | W91: FALSE | X91: 5 | Y91: TRUE | Z91: TRUE | AA91: 85 | AB91: FALSE | AC91: 0 | AD91: 2326708 | AE91: 136871756 | AF91: 1.3.6.1.4.1.9328.50.4.72319 | AG91: 1.3.6.1.4.1.9328.50.4.72319 | AH91: 92 | AI91: 83.3 | AJ91: ct/0066_ct.nii.gz | AK91: labels/0066_label.nii.gz | AL91: qc/0066_qc.png
A92: 67 | B92: supine | C92: 89 | D92: 80-89 | H92: B30f | I92: SIEMENS | J92: Sensation 64 | K92: 1 | L92: 120 | M92: spine_only | N92: separate | O92: manual | Q92: SACRALIZATION | R92: 3 | S92: SACRALIZATION | T92: LUMBARIZATION | U92: FALSE | V92: TRUE | W92: TRUE | X92: 6 | Y92: TRUE | Z92: TRUE | AB92: TRUE | AC92: 145501727 | AD92: 1036769 | AE92: 0 | AF92: 1.3.6.1.4.1.9328.50.4.73318 | AG92: 1.3.6.1.4.1.9328.50.4.73878 | AH92: 52.9 | AI92: 58.3 | AJ92: ct/0067_spine_ct.nii.gz | AK92: labels/0067_spine_label.nii.gz | AL92: qc/0067_spine_qc.png
A93: 72 | B93: supine | C93: 59 | D93: 50-59 | E93: female | H93: B30f | I93: SIEMENS | J93: Sensation 64 | K93: 1 | L93: 120 | M93: pelvic_native | N93: separate | P93: manual | Q93: normal | R93: 0 | S93: NORMAL | T93: NORMAL | U93: TRUE | V93: FALSE | W93: FALSE | X93: 0 | Y93: TRUE | Z93: TRUE | AA93: 60.4 | AB93: TRUE | AC93: 133810642 | AD93: 2504238 | AE93: 0 | AF93: 1.3.6.1.4.1.9328.50.4.78389 | AG93: 1.3.6.1.4.1.9328.50.4.78891 | AH93: 57.9 | AI93: 55.8 | AJ93: ct/0072_pelvic_ct.nii.gz | AK93: labels/0072_pelvic_label.nii.gz | AL93: qc/0072_pelvic_qc.png
A94: 55 | B94: supine | E94: female | H94: B30f | I94: SIEMENS | J94: Sensation 16 | K94: 1 | L94: 120 | M94: pelvic_native | N94: separate | P94: manual | Q94: normal | R94: 0 | S94: NORMAL | T94: NORMAL | U94: TRUE | V94: FALSE | W94: FALSE | X94: 0 | Y94: TRUE | Z94: TRUE | AA94: 58.7 | AB94: TRUE | AC94: 145467090 | AD94: 2119982 | AE94: 0 | AF94: 1.3.6.1.4.1.9328.50.4.59369 | AG94: 1.3.6.1.4.1.9328.50.4.59895 | AH94: 59 | AI94: 55.6 | AJ94: ct/0055_pelvic_ct.nii.gz | AK94: labels/0055_pelvic_label.nii.gz | AL94: qc/0055_pelvic_qc.png
A95: 72 | B95: supine | C95: 59 | D95: 50-59 | E95: female | H95: B30f | I95: SIEMENS | J95: Sensation 64 | K95: 1 | L95: 120 | M95: spine_only | N95: separate | O95: manual | Q95: normal | R95: 0 | S95: NORMAL | T95: NORMAL | U95: TRUE | V95: FALSE | W95: FALSE | X95: 5 | Y95: TRUE | Z95: TRUE | AB95: TRUE | AC95: 130562005 | AD95: 772139 | AE95: 0 | AF95: 1.3.6.1.4.1.9328.50.4.78389 | AG95: 1.3.6.1.4.1.9328.50.4.78891 | AH95: 57.9 | AI95: 55.8 | AJ95: ct/0072_spine_ct.nii.gz | AK95: labels/0072_spine_label.nii.gz | AL95: qc/0072_spine_qc.png
A96: 71 | B96: supine | C96: 58 | D96: 50-59 | E96: female | H96: B30f | I96: SIEMENS | J96: Sensation 64 | K96: 1 | L96: 120 | M96: fused | N96: fused | O96: manual | P96: manual | Q96: normal | R96: 0 | S96: NORMAL | T96: NORMAL | U96: TRUE | V96: FALSE | W96: FALSE | X96: 5 | Y96: TRUE | Z96: TRUE | AA96: 58.9 | AB96: FALSE | AC96: 0 | AD96: 3576769 | AE96: 127757375 | AF96: 1.3.6.1.4.1.9328.50.4.77373 | AG96: 1.3.6.1.4.1.9328.50.4.77373 | AH96: 57.5 | AI96: 56.1 | AJ96: ct/0071_ct.nii.gz | AK96: labels/0071_label.nii.gz | AL96: qc/0071_qc.png
A97: 55 | B97: supine | E97: female | H97: B30f | I97: SIEMENS | J97: Sensation 16 | K97: 1 | L97: 120 | M97: spine_only | N97: separate | O97: manual | Q97: normal | R97: 0 | S97: NORMAL | T97: NORMAL | U97: TRUE | V97: FALSE | W97: FALSE | X97: 5 | Y97: TRUE | Z97: TRUE | AB97: TRUE | AC97: 136960336 | AD97: 665264 | AE97: 0 | AF97: 1.3.6.1.4.1.9328.50.4.59369 | AG97: 1.3.6.1.4.1.9328.50.4.59895 | AH97: 59 | AI97: 55.6 | AJ97: ct/0055_spine_ct.nii.gz | AK97: labels/0055_spine_label.nii.gz | AL97: qc/0055_spine_qc.png
A98: 62 | B98: supine | C98: 57 | D98: 50-59 | E98: female | H98: B30f | I98: SIEMENS | J98: Sensation 64 | K98: 1 | L98: 120 | M98: spine_only | N98: separate | O98: manual | Q98: normal | R98: 0 | S98: NORMAL | T98: NORMAL | U98: TRUE | V98: FALSE | W98: FALSE | X98: 5 | Y98: TRUE | Z98: TRUE | AB98: TRUE | AC98: 134117492 | AD98: 624524 | AE98: 0 | AF98: 1.3.6.1.4.1.9328.50.4.67946 | AG98: 1.3.6.1.4.1.9328.50.4.68461 | AH98: 82.6 | AI98: 78.9 | AJ98: ct/0062_spine_ct.nii.gz | AK98: labels/0062_spine_label.nii.gz | AL98: qc/0062_spine_qc.png
A99: 56 | B99: supine | E99: female | H99: B30f | I99: SIEMENS | J99: Sensation 16 | K99: 1 | L99: 120 | M99: pelvic_native | N99: separate | P99: manual | Q99: normal | R99: 0 | S99: NORMAL | T99: NORMAL | U99: TRUE | V99: FALSE | W99: FALSE | X99: 0 | Y99: TRUE | Z99: TRUE | AA99: 69.9 | AB99: TRUE | AC99: 155147604 | AD99: 1614508 | AE99: 0 | AF99: 1.3.6.1.4.1.9328.50.4.60468 | AG99: 1.3.6.1.4.1.9328.50.4.61055 | AH99: 75.1 | AI99: 67.4 | AJ99: ct/0056_pelvic_ct.nii.gz | AK99: labels/0056_pelvic_label.nii.gz | AL99: qc/0056_pelvic_qc.png
A100: 57 | B100: prone | E100: female | H100: B30f | I100: SIEMENS | J100: Sensation 16 | K100: 1 | L100: 120 | M100: spine_only | N100: separate | O100: manual | Q100: normal | R100: 0 | S100: NORMAL | T100: NORMAL | U100: TRUE | V100: FALSE | W100: FALSE | X100: 5 | Y100: TRUE | Z100: TRUE | AB100: TRUE | AC100: 139537261 | AD100: 709779 | AE100: 0 | AF100: 1.3.6.1.4.1.9328.50.4.62231 | AG100: 1.3.6.1.4.1.9328.50.4.61667 | AH100: 83.5 | AI100: 81.8 | AJ100: ct/0057_spine_ct.nii.gz | AK100: labels/0057_spine_label.nii.gz | AL100: qc/0057_spine_qc.png
...
